Case_ID,Person_ID,Age_Group,Last_Latitude,Last_Longitude,Last_Seen_Time,Day,Weather,Usual_Area,Average_Distance,Average_Speed,Previous_Area,Time_Since_Last_Seen,Target_Area
CASE_IND_0001,PERSON_IND_0001,Teen (13-17),28.57495,77.127836,2026-08-31 12:44:16,Monday,Overcast,Noida Sector 18,14.75,16.05,Connaught Place Hub,21.3,Aerocity Hub
CASE_IND_0002,PERSON_IND_0002,Young Adult (18-35),28.500993,77.095261,2026-08-31 20:12:47,Monday,Rainy,Dwarka Sector 21,13.21,41.82,Cyber City Gurgaon,13.8,Cyber City Gurgaon
CASE_IND_0003,PERSON_IND_0003,Child (5-12),28.630894,77.207407,2026-08-30 08:41:44,Sunday,Overcast,Aerocity Hub,12.75,35.01,Cyber City Gurgaon,49.3,Connaught Place Hub
CASE_IND_0004,PERSON_IND_0004,Young Adult (18-35),28.610047,77.2031,2026-08-29 16:00:56,Saturday,Clear,Connaught Place Hub,6.59,4.45,Connaught Place Hub,66.0,Connaught Place Hub
CASE_IND_0005,PERSON_IND_0005,Teen (13-17),28.569816,77.070806,2026-08-29 20:23:58,Saturday,Clear,Dwarka Sector 21,4.14,44.0,Cyber City Gurgaon,61.6,Dwarka Sector 21
CASE_IND_0006,PERSON_IND_0006,Child (5-12),28.51623,77.190549,2026-08-30 10:10:34,Sunday,Rainy,Hauz Khas Village,5.03,37.98,Noida Sector 18,47.8,Hauz Khas Village
CASE_IND_0007,PERSON_IND_0007,Adult (36-60),28.498777,77.086567,2026-08-31 21:28:23,Monday,Windy,Cyber City Gurgaon,10.44,18.81,Cyber City Gurgaon,12.5,Cyber City Gurgaon
CASE_IND_0008,PERSON_IND_0008,Young Adult (18-35),28.542909,77.063118,2026-08-31 21:36:50,Monday,Rainy,Dwarka Sector 21,2.49,7.94,Connaught Place Hub,12.4,Dwarka Sector 21
CASE_IND_0009,PERSON_IND_0009,Adult (36-60),28.575053,77.303358,2026-08-29 10:40:52,Saturday,Foggy,Noida Sector 18,11.54,43.51,Aerocity Hub,71.3,Noida Sector 18
CASE_IND_0010,PERSON_IND_0010,Adult (36-60),28.538865,77.031075,2026-08-30 13:54:25,Sunday,Rainy,Noida Sector 18,4.7,42.18,Dwarka Sector 21,44.1,Dwarka Sector 21
CASE_IND_0011,PERSON_IND_0011,Young Adult (18-35),28.534778,77.046465,2026-08-29 18:34:21,Saturday,Rainy,Dwarka Sector 21,8.45,19.41,Hauz Khas Village,63.4,Dwarka Sector 21
CASE_IND_0012,PERSON_IND_0012,Teen (13-17),28.546923,77.119488,2026-08-30 02:33:37,Sunday,Overcast,Dwarka Sector 21,3.88,42.28,Aerocity Hub,55.4,Aerocity Hub
CASE_IND_0013,PERSON_IND_0013,Adult (36-60),28.560485,77.201063,2026-08-30 01:32:47,Sunday,Overcast,Cyber City Gurgaon,5.49,17.57,Hauz Khas Village,56.5,Hauz Khas Village
CASE_IND_0014,PERSON_IND_0014,Young Adult (18-35),28.574917,77.057,2026-08-30 01:14:12,Sunday,Clear,Dwarka Sector 21,17.66,41.81,Cyber City Gurgaon,56.8,Dwarka Sector 21
CASE_IND_0015,PERSON_IND_0015,Senior (60+),28.534561,77.073804,2026-08-31 16:55:02,Monday,Clear,Dwarka Sector 21,15.65,11.27,Connaught Place Hub,17.1,Dwarka Sector 21
CASE_IND_0016,PERSON_IND_0016,Young Adult (18-35),28.489224,77.094614,2026-08-29 11:16:50,Saturday,Clear,Noida Sector 18,8.26,21.05,Cyber City Gurgaon,70.7,Cyber City Gurgaon
CASE_IND_0017,PERSON_IND_0017,Adult (36-60),28.567516,77.311105,2026-08-29 12:17:24,Saturday,Rainy,Aerocity Hub,6.31,39.48,Aerocity Hub,69.7,Noida Sector 18
CASE_IND_0018,PERSON_IND_0018,Teen (13-17),28.576993,77.325381,2026-08-30 13:43:43,Sunday,Foggy,Dwarka Sector 21,16.44,39.71,Noida Sector 18,44.3,Noida Sector 18
CASE_IND_0019,PERSON_IND_0019,Adult (36-60),28.547426,77.107376,2026-09-01 02:00:11,Tuesday,Clear,Aerocity Hub,18.36,7.67,Aerocity Hub,8.0,Aerocity Hub
CASE_IND_0020,PERSON_IND_0020,Child (5-12),28.636123,77.229779,2026-08-29 17:28:15,Saturday,Rainy,Noida Sector 18,17.72,23.55,Hauz Khas Village,64.5,Connaught Place Hub
CASE_IND_0021,PERSON_IND_0021,Child (5-12),28.578933,77.317663,2026-08-29 19:24:40,Saturday,Foggy,Noida Sector 18,11.53,25.5,Hauz Khas Village,62.6,Noida Sector 18
CASE_IND_0022,PERSON_IND_0022,Teen (13-17),28.527263,77.168905,2026-09-01 04:07:41,Tuesday,Clear,Hauz Khas Village,8.67,27.68,Cyber City Gurgaon,5.9,Hauz Khas Village
CASE_IND_0023,PERSON_IND_0023,Senior (60+),28.599434,77.228816,2026-08-29 12:01:24,Saturday,Overcast,Connaught Place Hub,10.9,26.35,Connaught Place Hub,70.0,Connaught Place Hub
CASE_IND_0024,PERSON_IND_0024,Adult (36-60),28.483229,77.122526,2026-08-30 18:49:35,Sunday,Windy,Cyber City Gurgaon,9.95,11.41,Hauz Khas Village,39.2,Cyber City Gurgaon
CASE_IND_0025,PERSON_IND_0025,Child (5-12),28.564697,77.134622,2026-08-30 17:08:35,Sunday,Rainy,Dwarka Sector 21,14.59,30.14,Aerocity Hub,40.9,Aerocity Hub
CASE_IND_0026,PERSON_IND_0026,Young Adult (18-35),28.51632,77.211659,2026-08-29 10:11:52,Saturday,Overcast,Noida Sector 18,16.28,17.57,Hauz Khas Village,71.8,Hauz Khas Village
CASE_IND_0027,PERSON_IND_0027,Child (5-12),28.551138,77.123908,2026-08-31 11:15:05,Monday,Rainy,Aerocity Hub,3.67,20.3,Dwarka Sector 21,22.7,Aerocity Hub
CASE_IND_0028,PERSON_IND_0028,Adult (36-60),28.566057,77.314186,2026-08-30 02:15:47,Sunday,Windy,Noida Sector 18,11.53,21.69,Aerocity Hub,55.7,Noida Sector 18
CASE_IND_0029,PERSON_IND_0029,Senior (60+),28.56674,77.03563,2026-09-01 08:07:16,Tuesday,Foggy,Dwarka Sector 21,2.13,26.55,Aerocity Hub,1.9,Dwarka Sector 21
CASE_IND_0030,PERSON_IND_0030,Child (5-12),28.545061,77.199507,2026-08-29 16:42:11,Saturday,Foggy,Hauz Khas Village,1.24,30.46,Hauz Khas Village,65.3,Hauz Khas Village
CASE_IND_0031,PERSON_IND_0031,Adult (36-60),28.501112,77.099279,2026-08-30 03:52:36,Sunday,Overcast,Cyber City Gurgaon,5.35,8.97,Connaught Place Hub,54.1,Cyber City Gurgaon
CASE_IND_0032,PERSON_IND_0032,Young Adult (18-35),28.562469,77.10363,2026-08-31 21:19:19,Monday,Rainy,Aerocity Hub,16.66,14.89,Dwarka Sector 21,12.7,Aerocity Hub
CASE_IND_0033,PERSON_IND_0033,Young Adult (18-35),28.57228,77.19634,2026-08-30 11:05:43,Sunday,Clear,Connaught Place Hub,17.42,35.25,Noida Sector 18,46.9,Hauz Khas Village
CASE_IND_0034,PERSON_IND_0034,Teen (13-17),28.490409,77.125329,2026-08-30 10:38:45,Sunday,Windy,Hauz Khas Village,2.64,3.63,Hauz Khas Village,47.4,Cyber City Gurgaon
CASE_IND_0035,PERSON_IND_0035,Adult (36-60),28.549239,77.309226,2026-08-31 22:53:29,Monday,Rainy,Cyber City Gurgaon,8.19,36.4,Dwarka Sector 21,11.1,Noida Sector 18
CASE_IND_0036,PERSON_IND_0036,Senior (60+),28.486322,77.08588,2026-08-31 14:36:55,Monday,Clear,Cyber City Gurgaon,13.7,22.48,Cyber City Gurgaon,19.4,Cyber City Gurgaon
CASE_IND_0037,PERSON_IND_0037,Adult (36-60),28.539405,77.086569,2026-08-31 05:44:27,Monday,Overcast,Connaught Place Hub,8.57,21.3,Dwarka Sector 21,28.3,Aerocity Hub
CASE_IND_0038,PERSON_IND_0038,Senior (60+),28.558163,77.038238,2026-09-01 05:55:12,Tuesday,Clear,Aerocity Hub,4.37,13.41,Hauz Khas Village,4.1,Dwarka Sector 21
CASE_IND_0039,PERSON_IND_0039,Teen (13-17),28.567515,77.177804,2026-08-30 07:00:28,Sunday,Windy,Dwarka Sector 21,6.73,36.42,Connaught Place Hub,51.0,Hauz Khas Village
CASE_IND_0040,PERSON_IND_0040,Senior (60+),28.544827,77.126898,2026-09-01 03:57:51,Tuesday,Foggy,Aerocity Hub,3.52,24.41,Dwarka Sector 21,6.0,Aerocity Hub
CASE_IND_0041,PERSON_IND_0041,Young Adult (18-35),28.55748,77.098348,2026-08-30 08:15:34,Sunday,Foggy,Cyber City Gurgaon,11.22,14.7,Cyber City Gurgaon,49.7,Aerocity Hub
CASE_IND_0042,PERSON_IND_0042,Adult (36-60),28.560842,77.128905,2026-08-30 23:41:27,Sunday,Rainy,Aerocity Hub,11.45,28.57,Connaught Place Hub,34.3,Aerocity Hub
CASE_IND_0043,PERSON_IND_0043,Child (5-12),28.570518,77.215763,2026-08-31 13:13:31,Monday,Foggy,Connaught Place Hub,11.18,12.4,Cyber City Gurgaon,20.8,Hauz Khas Village
CASE_IND_0044,PERSON_IND_0044,Young Adult (18-35),28.658908,77.22625,2026-08-31 16:51:36,Monday,Rainy,Noida Sector 18,12.06,23.23,Dwarka Sector 21,17.1,Connaught Place Hub
CASE_IND_0045,PERSON_IND_0045,Adult (36-60),28.564608,77.068864,2026-08-31 02:56:26,Monday,Clear,Dwarka Sector 21,9.87,30.27,Connaught Place Hub,31.1,Dwarka Sector 21
CASE_IND_0046,PERSON_IND_0046,Senior (60+),28.623483,77.211761,2026-08-29 18:34:14,Saturday,Overcast,Connaught Place Hub,2.29,34.32,Connaught Place Hub,63.4,Connaught Place Hub
CASE_IND_0047,PERSON_IND_0047,Senior (60+),28.56496,77.047921,2026-08-31 20:37:25,Monday,Foggy,Dwarka Sector 21,17.57,25.58,Noida Sector 18,13.4,Dwarka Sector 21
CASE_IND_0048,PERSON_IND_0048,Adult (36-60),28.5602,77.105014,2026-08-31 00:07:22,Monday,Windy,Aerocity Hub,2.28,12.2,Connaught Place Hub,33.9,Aerocity Hub
CASE_IND_0049,PERSON_IND_0049,Adult (36-60),28.602747,77.330669,2026-08-29 11:16:25,Saturday,Clear,Dwarka Sector 21,6.56,24.34,Connaught Place Hub,70.7,Noida Sector 18
CASE_IND_0050,PERSON_IND_0050,Young Adult (18-35),28.570076,77.07321,2026-08-30 05:57:55,Sunday,Foggy,Dwarka Sector 21,5.37,8.68,Dwarka Sector 21,52.0,Dwarka Sector 21
CASE_IND_0051,PERSON_IND_0051,Child (5-12),28.573134,77.302225,2026-08-31 19:54:12,Monday,Windy,Cyber City Gurgaon,12.49,7.86,Dwarka Sector 21,14.1,Noida Sector 18
CASE_IND_0052,PERSON_IND_0052,Young Adult (18-35),28.631951,77.257187,2026-08-30 04:26:15,Sunday,Rainy,Cyber City Gurgaon,16.85,43.39,Aerocity Hub,53.6,Connaught Place Hub
CASE_IND_0053,PERSON_IND_0053,Senior (60+),28.635513,77.218616,2026-08-30 21:26:20,Sunday,Clear,Connaught Place Hub,15.29,31.18,Dwarka Sector 21,36.6,Connaught Place Hub
CASE_IND_0054,PERSON_IND_0054,Adult (36-60),28.646749,77.212601,2026-09-01 06:18:56,Tuesday,Overcast,Noida Sector 18,3.08,9.16,Cyber City Gurgaon,3.7,Connaught Place Hub
CASE_IND_0055,PERSON_IND_0055,Adult (36-60),28.501398,77.092583,2026-08-30 07:30:18,Sunday,Overcast,Cyber City Gurgaon,18.07,13.02,Noida Sector 18,50.5,Cyber City Gurgaon
CASE_IND_0056,PERSON_IND_0056,Young Adult (18-35),28.565175,77.06383,2026-09-01 05:43:23,Tuesday,Overcast,Dwarka Sector 21,4.22,16.89,Aerocity Hub,4.3,Dwarka Sector 21
CASE_IND_0057,PERSON_IND_0057,Young Adult (18-35),28.511618,77.100031,2026-08-31 07:40:49,Monday,Rainy,Cyber City Gurgaon,9.56,19.64,Hauz Khas Village,26.3,Cyber City Gurgaon
CASE_IND_0058,PERSON_IND_0058,Teen (13-17),28.516533,77.08362,2026-08-31 09:06:30,Monday,Foggy,Cyber City Gurgaon,16.84,35.47,Noida Sector 18,24.9,Cyber City Gurgaon
CASE_IND_0059,PERSON_IND_0059,Adult (36-60),28.52349,77.194805,2026-08-31 06:28:12,Monday,Clear,Dwarka Sector 21,1.72,11.65,Hauz Khas Village,27.5,Hauz Khas Village
CASE_IND_0060,PERSON_IND_0060,Young Adult (18-35),28.544681,77.213017,2026-08-29 15:20:03,Saturday,Clear,Hauz Khas Village,10.24,38.11,Noida Sector 18,66.7,Hauz Khas Village
CASE_IND_0061,PERSON_IND_0061,Teen (13-17),28.627808,77.211471,2026-09-01 08:55:45,Tuesday,Foggy,Connaught Place Hub,11.88,29.24,Aerocity Hub,1.1,Connaught Place Hub
CASE_IND_0062,PERSON_IND_0062,Adult (36-60),28.550374,77.186391,2026-08-31 20:57:19,Monday,Overcast,Aerocity Hub,12.65,24.51,Aerocity Hub,13.0,Hauz Khas Village
CASE_IND_0063,PERSON_IND_0063,Adult (36-60),28.572344,77.3238,2026-08-29 21:42:31,Saturday,Clear,Hauz Khas Village,7.81,38.03,Noida Sector 18,60.3,Noida Sector 18
CASE_IND_0064,PERSON_IND_0064,Teen (13-17),28.640781,77.208549,2026-08-31 00:03:11,Monday,Rainy,Connaught Place Hub,6.84,41.67,Cyber City Gurgaon,33.9,Connaught Place Hub
CASE_IND_0065,PERSON_IND_0065,Teen (13-17),28.63214,77.228862,2026-08-30 05:20:09,Sunday,Rainy,Connaught Place Hub,11.11,40.81,Hauz Khas Village,52.7,Connaught Place Hub
CASE_IND_0066,PERSON_IND_0066,Young Adult (18-35),28.560193,77.344283,2026-08-31 12:22:07,Monday,Windy,Noida Sector 18,4.56,43.36,Noida Sector 18,21.6,Noida Sector 18
CASE_IND_0067,PERSON_IND_0067,Child (5-12),28.575967,77.361977,2026-08-31 03:55:12,Monday,Windy,Aerocity Hub,12.66,29.53,Noida Sector 18,30.1,Noida Sector 18
CASE_IND_0068,PERSON_IND_0068,Teen (13-17),28.540221,77.053254,2026-08-31 05:14:24,Monday,Rainy,Hauz Khas Village,8.26,13.45,Dwarka Sector 21,28.8,Dwarka Sector 21
CASE_IND_0069,PERSON_IND_0069,Young Adult (18-35),28.538543,77.05429,2026-08-30 09:19:46,Sunday,Windy,Connaught Place Hub,1.8,37.4,Dwarka Sector 21,48.7,Dwarka Sector 21
CASE_IND_0070,PERSON_IND_0070,Child (5-12),28.622108,77.223755,2026-08-29 19:24:43,Saturday,Rainy,Noida Sector 18,6.99,26.39,Cyber City Gurgaon,62.6,Connaught Place Hub
CASE_IND_0071,PERSON_IND_0071,Young Adult (18-35),28.58186,77.298888,2026-08-31 00:53:25,Monday,Overcast,Noida Sector 18,13.12,24.72,Dwarka Sector 21,33.1,Noida Sector 18
CASE_IND_0072,PERSON_IND_0072,Child (5-12),28.570976,77.138463,2026-08-29 11:08:45,Saturday,Windy,Aerocity Hub,16.03,40.16,Dwarka Sector 21,70.9,Aerocity Hub
CASE_IND_0073,PERSON_IND_0073,Adult (36-60),28.517732,77.096141,2026-08-30 09:44:26,Sunday,Foggy,Cyber City Gurgaon,10.03,27.3,Connaught Place Hub,48.3,Cyber City Gurgaon
CASE_IND_0074,PERSON_IND_0074,Young Adult (18-35),28.553912,77.12695,2026-08-31 01:31:07,Monday,Foggy,Noida Sector 18,16.71,41.1,Dwarka Sector 21,32.5,Aerocity Hub
CASE_IND_0075,PERSON_IND_0075,Teen (13-17),28.555567,77.057366,2026-09-01 05:54:27,Tuesday,Overcast,Dwarka Sector 21,9.27,8.98,Noida Sector 18,4.1,Dwarka Sector 21
CASE_IND_0076,PERSON_IND_0076,Child (5-12),28.551797,77.32135,2026-08-29 14:41:17,Saturday,Rainy,Connaught Place Hub,12.94,6.05,Noida Sector 18,67.3,Noida Sector 18
CASE_IND_0077,PERSON_IND_0077,Young Adult (18-35),28.634732,77.21799,2026-09-01 04:36:24,Tuesday,Overcast,Aerocity Hub,6.58,36.66,Connaught Place Hub,5.4,Connaught Place Hub
CASE_IND_0078,PERSON_IND_0078,Adult (36-60),28.503016,77.107398,2026-08-30 16:37:18,Sunday,Foggy,Connaught Place Hub,16.02,10.45,Connaught Place Hub,41.4,Cyber City Gurgaon
CASE_IND_0079,PERSON_IND_0079,Senior (60+),28.475351,77.074768,2026-08-31 17:20:26,Monday,Clear,Connaught Place Hub,14.81,27.69,Cyber City Gurgaon,16.7,Cyber City Gurgaon
CASE_IND_0080,PERSON_IND_0080,Young Adult (18-35),28.547312,77.175927,2026-08-29 13:45:14,Saturday,Overcast,Cyber City Gurgaon,10.55,24.96,Hauz Khas Village,68.2,Hauz Khas Village
CASE_IND_0081,PERSON_IND_0081,Young Adult (18-35),28.647528,77.21663,2026-08-30 15:27:08,Sunday,Foggy,Dwarka Sector 21,14.15,5.55,Hauz Khas Village,42.5,Connaught Place Hub
CASE_IND_0082,PERSON_IND_0082,Teen (13-17),28.482259,77.085246,2026-08-31 14:59:14,Monday,Clear,Cyber City Gurgaon,5.95,5.13,Cyber City Gurgaon,19.0,Cyber City Gurgaon
CASE_IND_0083,PERSON_IND_0083,Teen (13-17),28.542603,77.180587,2026-08-31 14:23:06,Monday,Clear,Aerocity Hub,10.57,31.38,Hauz Khas Village,19.6,Hauz Khas Village
CASE_IND_0084,PERSON_IND_0084,Young Adult (18-35),28.627731,77.215609,2026-09-01 03:57:30,Tuesday,Windy,Noida Sector 18,6.5,32.61,Connaught Place Hub,6.0,Connaught Place Hub
CASE_IND_0085,PERSON_IND_0085,Teen (13-17),28.574735,77.143797,2026-09-01 02:46:58,Tuesday,Overcast,Dwarka Sector 21,7.71,36.76,Aerocity Hub,7.2,Aerocity Hub
CASE_IND_0086,PERSON_IND_0086,Adult (36-60),28.48524,77.088114,2026-08-30 05:14:31,Sunday,Overcast,Dwarka Sector 21,13.89,31.61,Aerocity Hub,52.8,Cyber City Gurgaon
CASE_IND_0087,PERSON_IND_0087,Young Adult (18-35),28.48415,77.115688,2026-08-30 18:10:38,Sunday,Clear,Cyber City Gurgaon,5.36,20.64,Hauz Khas Village,39.8,Cyber City Gurgaon
CASE_IND_0088,PERSON_IND_0088,Young Adult (18-35),28.625047,77.219466,2026-08-30 23:07:56,Sunday,Rainy,Hauz Khas Village,13.3,23.66,Connaught Place Hub,34.9,Connaught Place Hub
CASE_IND_0089,PERSON_IND_0089,Child (5-12),28.56215,77.051212,2026-08-29 22:50:21,Saturday,Clear,Connaught Place Hub,6.82,41.17,Cyber City Gurgaon,59.2,Dwarka Sector 21
CASE_IND_0090,PERSON_IND_0090,Teen (13-17),28.579503,77.368431,2026-08-30 20:49:18,Sunday,Foggy,Cyber City Gurgaon,7.25,14.54,Noida Sector 18,37.2,Noida Sector 18
CASE_IND_0091,PERSON_IND_0091,Child (5-12),28.5526,77.053012,2026-08-30 14:42:16,Sunday,Clear,Connaught Place Hub,13.11,21.34,Cyber City Gurgaon,43.3,Dwarka Sector 21
CASE_IND_0092,PERSON_IND_0092,Adult (36-60),28.590625,77.193025,2026-08-29 23:59:47,Saturday,Rainy,Connaught Place Hub,13.27,37.62,Noida Sector 18,58.0,Hauz Khas Village
CASE_IND_0093,PERSON_IND_0093,Teen (13-17),28.536441,77.121785,2026-08-31 01:41:43,Monday,Clear,Cyber City Gurgaon,15.5,17.38,Connaught Place Hub,32.3,Aerocity Hub
CASE_IND_0094,PERSON_IND_0094,Adult (36-60),28.483294,77.096302,2026-09-01 07:18:44,Tuesday,Rainy,Cyber City Gurgaon,3.98,36.33,Cyber City Gurgaon,2.7,Cyber City Gurgaon
CASE_IND_0095,PERSON_IND_0095,Senior (60+),28.580311,77.326526,2026-08-29 16:32:31,Saturday,Clear,Noida Sector 18,1.22,41.21,Connaught Place Hub,65.5,Noida Sector 18
CASE_IND_0096,PERSON_IND_0096,Teen (13-17),28.539,77.102229,2026-08-31 01:29:54,Monday,Overcast,Aerocity Hub,11.85,18.54,Dwarka Sector 21,32.5,Aerocity Hub
CASE_IND_0097,PERSON_IND_0097,Child (5-12),28.536825,77.226427,2026-09-01 04:44:10,Tuesday,Clear,Hauz Khas Village,18.14,10.14,Hauz Khas Village,5.3,Hauz Khas Village
CASE_IND_0098,PERSON_IND_0098,Adult (36-60),28.555431,77.051461,2026-08-29 20:40:02,Saturday,Windy,Dwarka Sector 21,10.14,36.17,Cyber City Gurgaon,61.3,Dwarka Sector 21
CASE_IND_0099,PERSON_IND_0099,Adult (36-60),28.556584,77.045788,2026-08-31 00:41:12,Monday,Foggy,Dwarka Sector 21,18.03,44.47,Cyber City Gurgaon,33.3,Dwarka Sector 21
CASE_IND_0100,PERSON_IND_0100,Teen (13-17),28.564577,77.063733,2026-08-31 18:45:30,Monday,Windy,Dwarka Sector 21,8.35,7.74,Dwarka Sector 21,15.2,Dwarka Sector 21
CASE_IND_0101,PERSON_IND_0101,Young Adult (18-35),28.551648,77.07134,2026-08-31 15:22:25,Monday,Clear,Cyber City Gurgaon,8.28,20.72,Dwarka Sector 21,18.6,Dwarka Sector 21
CASE_IND_0102,PERSON_IND_0102,Adult (36-60),28.549665,77.054234,2026-09-01 00:58:03,Tuesday,Overcast,Aerocity Hub,17.02,32.21,Hauz Khas Village,9.0,Dwarka Sector 21
CASE_IND_0103,PERSON_IND_0103,Young Adult (18-35),28.534049,77.102746,2026-08-31 08:03:57,Monday,Overcast,Aerocity Hub,9.18,42.32,Hauz Khas Village,25.9,Aerocity Hub
CASE_IND_0104,PERSON_IND_0104,Young Adult (18-35),28.567304,77.325204,2026-08-30 20:04:13,Sunday,Clear,Dwarka Sector 21,9.59,43.22,Dwarka Sector 21,37.9,Noida Sector 18
CASE_IND_0105,PERSON_IND_0105,Senior (60+),28.568949,77.058514,2026-09-01 04:17:26,Tuesday,Rainy,Dwarka Sector 21,9.8,44.65,Hauz Khas Village,5.7,Dwarka Sector 21
CASE_IND_0106,PERSON_IND_0106,Adult (36-60),28.525305,77.18873,2026-08-31 07:43:29,Monday,Clear,Aerocity Hub,9.19,24.42,Aerocity Hub,26.3,Hauz Khas Village
CASE_IND_0107,PERSON_IND_0107,Young Adult (18-35),28.531762,77.2206,2026-08-31 00:32:14,Monday,Windy,Hauz Khas Village,15.73,14.43,Connaught Place Hub,33.5,Hauz Khas Village
CASE_IND_0108,PERSON_IND_0108,Young Adult (18-35),28.501324,77.080336,2026-09-01 03:54:49,Tuesday,Rainy,Connaught Place Hub,15.91,7.31,Cyber City Gurgaon,6.1,Cyber City Gurgaon
CASE_IND_0109,PERSON_IND_0109,Adult (36-60),28.519945,77.08824,2026-08-31 02:08:30,Monday,Rainy,Connaught Place Hub,7.3,34.21,Dwarka Sector 21,31.9,Cyber City Gurgaon
CASE_IND_0110,PERSON_IND_0110,Teen (13-17),28.589217,77.302698,2026-08-31 18:26:25,Monday,Foggy,Noida Sector 18,13.31,7.86,Connaught Place Hub,15.6,Noida Sector 18
CASE_IND_0111,PERSON_IND_0111,Adult (36-60),28.506649,77.095962,2026-08-29 11:50:21,Saturday,Windy,Hauz Khas Village,2.58,17.9,Dwarka Sector 21,70.2,Cyber City Gurgaon
CASE_IND_0112,PERSON_IND_0112,Teen (13-17),28.450385,77.066857,2026-08-30 06:20:35,Sunday,Clear,Connaught Place Hub,4.41,42.36,Cyber City Gurgaon,51.7,Cyber City Gurgaon
CASE_IND_0113,PERSON_IND_0113,Teen (13-17),28.567921,77.070429,2026-08-29 18:48:37,Saturday,Overcast,Hauz Khas Village,15.42,32.24,Aerocity Hub,63.2,Dwarka Sector 21
CASE_IND_0114,PERSON_IND_0114,Teen (13-17),28.474324,77.097528,2026-08-30 09:52:28,Sunday,Foggy,Hauz Khas Village,15.72,4.24,Aerocity Hub,48.1,Cyber City Gurgaon
CASE_IND_0115,PERSON_IND_0115,Adult (36-60),28.563848,77.202639,2026-08-29 16:32:12,Saturday,Overcast,Aerocity Hub,8.31,20.02,Aerocity Hub,65.5,Hauz Khas Village
CASE_IND_0116,PERSON_IND_0116,Teen (13-17),28.584656,77.211614,2026-08-30 16:44:11,Sunday,Overcast,Noida Sector 18,14.62,29.27,Noida Sector 18,41.3,Connaught Place Hub
CASE_IND_0117,PERSON_IND_0117,Young Adult (18-35),28.571881,77.026303,2026-08-30 12:54:00,Sunday,Windy,Dwarka Sector 21,12.61,35.52,Cyber City Gurgaon,45.1,Dwarka Sector 21
CASE_IND_0118,PERSON_IND_0118,Young Adult (18-35),28.532089,77.102869,2026-08-31 22:51:27,Monday,Clear,Hauz Khas Village,8.62,27.8,Cyber City Gurgaon,11.1,Cyber City Gurgaon
CASE_IND_0119,PERSON_IND_0119,Teen (13-17),28.557789,77.338606,2026-08-31 03:59:40,Monday,Rainy,Noida Sector 18,13.76,19.63,Connaught Place Hub,30.0,Noida Sector 18
CASE_IND_0120,PERSON_IND_0120,Young Adult (18-35),28.594135,77.325628,2026-08-30 09:28:57,Sunday,Windy,Hauz Khas Village,1.46,8.76,Noida Sector 18,48.5,Noida Sector 18
CASE_IND_0121,PERSON_IND_0121,Young Adult (18-35),28.551458,77.044627,2026-08-31 07:10:20,Monday,Rainy,Dwarka Sector 21,7.77,44.4,Noida Sector 18,26.8,Dwarka Sector 21
CASE_IND_0122,PERSON_IND_0122,Senior (60+),28.566616,77.344106,2026-08-30 21:58:39,Sunday,Overcast,Noida Sector 18,15.75,39.01,Hauz Khas Village,36.0,Noida Sector 18
CASE_IND_0123,PERSON_IND_0123,Adult (36-60),28.570645,77.322862,2026-08-31 12:01:45,Monday,Clear,Noida Sector 18,9.82,15.64,Noida Sector 18,22.0,Noida Sector 18
CASE_IND_0124,PERSON_IND_0124,Teen (13-17),28.64148,77.208585,2026-08-31 23:13:08,Monday,Windy,Connaught Place Hub,10.85,6.29,Aerocity Hub,10.8,Connaught Place Hub
CASE_IND_0125,PERSON_IND_0125,Adult (36-60),28.479603,77.081593,2026-08-29 14:38:07,Saturday,Foggy,Cyber City Gurgaon,17.02,20.33,Dwarka Sector 21,67.4,Cyber City Gurgaon
CASE_IND_0126,PERSON_IND_0126,Young Adult (18-35),28.579516,77.206408,2026-08-31 13:56:08,Monday,Foggy,Hauz Khas Village,13.99,13.41,Noida Sector 18,20.1,Hauz Khas Village
CASE_IND_0127,PERSON_IND_0127,Young Adult (18-35),28.484866,77.071905,2026-08-30 12:54:28,Sunday,Overcast,Cyber City Gurgaon,1.55,10.95,Connaught Place Hub,45.1,Cyber City Gurgaon
CASE_IND_0128,PERSON_IND_0128,Teen (13-17),28.536426,77.200168,2026-08-29 21:19:03,Saturday,Windy,Hauz Khas Village,14.74,20.97,Connaught Place Hub,60.7,Hauz Khas Village
CASE_IND_0129,PERSON_IND_0129,Child (5-12),28.543005,77.129838,2026-08-31 16:32:18,Monday,Overcast,Noida Sector 18,5.59,30.23,Aerocity Hub,17.5,Aerocity Hub
CASE_IND_0130,PERSON_IND_0130,Teen (13-17),28.540413,77.063011,2026-08-30 19:32:21,Sunday,Rainy,Dwarka Sector 21,14.97,22.84,Hauz Khas Village,38.5,Dwarka Sector 21
CASE_IND_0131,PERSON_IND_0131,Adult (36-60),28.546499,77.128507,2026-09-01 00:56:11,Tuesday,Windy,Aerocity Hub,5.89,43.19,Hauz Khas Village,9.1,Aerocity Hub
CASE_IND_0132,PERSON_IND_0132,Child (5-12),28.558915,77.336294,2026-09-01 03:35:39,Tuesday,Overcast,Noida Sector 18,10.63,8.65,Noida Sector 18,6.4,Noida Sector 18
CASE_IND_0133,PERSON_IND_0133,Child (5-12),28.597828,77.326867,2026-08-31 14:35:57,Monday,Clear,Noida Sector 18,3.7,14.82,Cyber City Gurgaon,19.4,Noida Sector 18
CASE_IND_0134,PERSON_IND_0134,Senior (60+),28.625784,77.246587,2026-08-31 13:24:51,Monday,Foggy,Connaught Place Hub,13.35,41.76,Dwarka Sector 21,20.6,Connaught Place Hub
CASE_IND_0135,PERSON_IND_0135,Young Adult (18-35),28.536515,77.210641,2026-08-29 22:36:18,Saturday,Windy,Hauz Khas Village,4.64,33.74,Dwarka Sector 21,59.4,Hauz Khas Village
CASE_IND_0136,PERSON_IND_0136,Young Adult (18-35),28.546931,77.109027,2026-09-01 08:13:13,Tuesday,Clear,Hauz Khas Village,5.06,8.12,Aerocity Hub,1.8,Aerocity Hub
CASE_IND_0137,PERSON_IND_0137,Teen (13-17),28.544359,77.062837,2026-08-31 13:16:23,Monday,Foggy,Dwarka Sector 21,10.86,8.75,Connaught Place Hub,20.7,Dwarka Sector 21
CASE_IND_0138,PERSON_IND_0138,Young Adult (18-35),28.527816,77.071824,2026-08-29 20:11:14,Saturday,Overcast,Dwarka Sector 21,12.1,40.31,Noida Sector 18,61.8,Dwarka Sector 21
CASE_IND_0139,PERSON_IND_0139,Young Adult (18-35),28.527903,77.121032,2026-08-29 17:36:45,Saturday,Windy,Aerocity Hub,15.19,20.87,Dwarka Sector 21,64.4,Aerocity Hub
CASE_IND_0140,PERSON_IND_0140,Adult (36-60),28.510047,77.075188,2026-09-01 00:54:05,Tuesday,Rainy,Cyber City Gurgaon,9.74,24.43,Connaught Place Hub,9.1,Cyber City Gurgaon
CASE_IND_0141,PERSON_IND_0141,Senior (60+),28.539755,77.202486,2026-08-30 05:12:18,Sunday,Overcast,Hauz Khas Village,11.16,27.97,Dwarka Sector 21,52.8,Hauz Khas Village
CASE_IND_0142,PERSON_IND_0142,Child (5-12),28.540877,77.042975,2026-08-31 11:54:02,Monday,Windy,Connaught Place Hub,6.3,35.94,Dwarka Sector 21,22.1,Dwarka Sector 21
CASE_IND_0143,PERSON_IND_0143,Young Adult (18-35),28.583109,77.32834,2026-08-30 06:48:10,Sunday,Windy,Noida Sector 18,11.85,14.01,Dwarka Sector 21,51.2,Noida Sector 18
CASE_IND_0144,PERSON_IND_0144,Senior (60+),28.572677,77.357421,2026-08-30 21:56:35,Sunday,Foggy,Cyber City Gurgaon,17.47,38.37,Noida Sector 18,36.1,Noida Sector 18
CASE_IND_0145,PERSON_IND_0145,Child (5-12),28.503511,77.07905,2026-08-31 07:48:29,Monday,Windy,Cyber City Gurgaon,3.77,12.09,Cyber City Gurgaon,26.2,Cyber City Gurgaon
CASE_IND_0146,PERSON_IND_0146,Child (5-12),28.565995,77.135431,2026-08-31 08:09:10,Monday,Clear,Cyber City Gurgaon,13.58,5.98,Dwarka Sector 21,25.8,Aerocity Hub
CASE_IND_0147,PERSON_IND_0147,Adult (36-60),28.583951,77.06391,2026-08-29 12:36:22,Saturday,Overcast,Noida Sector 18,16.26,15.7,Dwarka Sector 21,69.4,Dwarka Sector 21
CASE_IND_0148,PERSON_IND_0148,Young Adult (18-35),28.566984,77.309103,2026-08-31 02:53:01,Monday,Rainy,Noida Sector 18,15.98,43.98,Hauz Khas Village,31.1,Noida Sector 18
CASE_IND_0149,PERSON_IND_0149,Senior (60+),28.530473,77.052889,2026-08-29 23:35:58,Saturday,Clear,Dwarka Sector 21,14.48,19.51,Dwarka Sector 21,58.4,Dwarka Sector 21
CASE_IND_0150,PERSON_IND_0150,Young Adult (18-35),28.480252,77.097728,2026-08-30 08:24:02,Sunday,Windy,Cyber City Gurgaon,3.24,29.61,Aerocity Hub,49.6,Cyber City Gurgaon
CASE_IND_0151,PERSON_IND_0151,Child (5-12),28.623688,77.232215,2026-08-29 23:46:55,Saturday,Windy,Connaught Place Hub,18.08,40.22,Noida Sector 18,58.2,Connaught Place Hub
CASE_IND_0152,PERSON_IND_0152,Young Adult (18-35),28.554011,77.048644,2026-09-01 06:18:10,Tuesday,Clear,Dwarka Sector 21,18.29,38.06,Connaught Place Hub,3.7,Dwarka Sector 21
CASE_IND_0153,PERSON_IND_0153,Adult (36-60),28.557223,77.110632,2026-08-31 01:50:35,Monday,Rainy,Aerocity Hub,16.64,11.98,Cyber City Gurgaon,32.2,Aerocity Hub
CASE_IND_0154,PERSON_IND_0154,Adult (36-60),28.541535,77.309745,2026-08-31 12:00:50,Monday,Windy,Noida Sector 18,10.89,11.24,Noida Sector 18,22.0,Noida Sector 18
CASE_IND_0155,PERSON_IND_0155,Senior (60+),28.49355,77.089546,2026-09-01 05:26:58,Tuesday,Rainy,Cyber City Gurgaon,13.83,37.9,Noida Sector 18,4.6,Cyber City Gurgaon
CASE_IND_0156,PERSON_IND_0156,Young Adult (18-35),28.548556,77.069296,2026-08-29 11:25:54,Saturday,Foggy,Dwarka Sector 21,4.43,21.42,Aerocity Hub,70.6,Dwarka Sector 21
CASE_IND_0157,PERSON_IND_0157,Adult (36-60),28.571803,77.103271,2026-08-31 16:30:27,Monday,Foggy,Aerocity Hub,13.21,5.33,Aerocity Hub,17.5,Aerocity Hub
CASE_IND_0158,PERSON_IND_0158,Adult (36-60),28.461178,77.097808,2026-08-30 19:54:45,Sunday,Foggy,Dwarka Sector 21,12.01,4.17,Cyber City Gurgaon,38.1,Cyber City Gurgaon
CASE_IND_0159,PERSON_IND_0159,Adult (36-60),28.503381,77.074035,2026-08-29 12:02:43,Saturday,Clear,Aerocity Hub,16.75,31.51,Dwarka Sector 21,70.0,Cyber City Gurgaon
CASE_IND_0160,PERSON_IND_0160,Young Adult (18-35),28.550595,77.047151,2026-08-31 20:54:16,Monday,Rainy,Noida Sector 18,2.95,4.57,Dwarka Sector 21,13.1,Dwarka Sector 21
CASE_IND_0161,PERSON_IND_0161,Teen (13-17),28.54752,77.144777,2026-08-30 11:07:58,Sunday,Clear,Aerocity Hub,3.5,20.65,Dwarka Sector 21,46.9,Aerocity Hub
CASE_IND_0162,PERSON_IND_0162,Adult (36-60),28.533689,77.042651,2026-08-31 08:42:41,Monday,Clear,Dwarka Sector 21,5.39,23.7,Hauz Khas Village,25.3,Dwarka Sector 21
CASE_IND_0163,PERSON_IND_0163,Adult (36-60),28.542732,77.198824,2026-09-01 01:01:22,Tuesday,Clear,Hauz Khas Village,16.3,28.96,Connaught Place Hub,9.0,Hauz Khas Village
CASE_IND_0164,PERSON_IND_0164,Young Adult (18-35),28.557479,77.124623,2026-09-01 01:00:50,Tuesday,Windy,Noida Sector 18,7.44,27.58,Cyber City Gurgaon,9.0,Aerocity Hub
CASE_IND_0165,PERSON_IND_0165,Adult (36-60),28.646998,77.217963,2026-08-30 13:45:20,Sunday,Overcast,Dwarka Sector 21,5.13,26.63,Cyber City Gurgaon,44.2,Connaught Place Hub
CASE_IND_0166,PERSON_IND_0166,Young Adult (18-35),28.520499,77.20637,2026-08-31 16:08:12,Monday,Clear,Hauz Khas Village,16.94,22.62,Cyber City Gurgaon,17.9,Hauz Khas Village
CASE_IND_0167,PERSON_IND_0167,Senior (60+),28.546274,77.195766,2026-08-29 22:41:36,Saturday,Clear,Hauz Khas Village,16.08,18.42,Hauz Khas Village,59.3,Hauz Khas Village
CASE_IND_0168,PERSON_IND_0168,Senior (60+),28.577262,77.044864,2026-08-30 20:46:38,Sunday,Rainy,Dwarka Sector 21,10.81,5.35,Noida Sector 18,37.2,Dwarka Sector 21
CASE_IND_0169,PERSON_IND_0169,Adult (36-60),28.541923,77.346508,2026-08-31 04:57:24,Monday,Overcast,Aerocity Hub,7.76,36.85,Dwarka Sector 21,29.0,Noida Sector 18
CASE_IND_0170,PERSON_IND_0170,Senior (60+),28.559683,77.208176,2026-08-31 00:38:46,Monday,Clear,Aerocity Hub,3.01,5.01,Hauz Khas Village,33.4,Hauz Khas Village
CASE_IND_0171,PERSON_IND_0171,Child (5-12),28.574456,77.335311,2026-08-30 11:48:31,Sunday,Rainy,Noida Sector 18,2.19,41.07,Noida Sector 18,46.2,Noida Sector 18
CASE_IND_0172,PERSON_IND_0172,Adult (36-60),28.534999,77.218966,2026-09-01 01:57:27,Tuesday,Windy,Dwarka Sector 21,18.48,4.4,Cyber City Gurgaon,8.0,Hauz Khas Village
CASE_IND_0173,PERSON_IND_0173,Senior (60+),28.567567,77.046966,2026-08-29 10:49:25,Saturday,Foggy,Dwarka Sector 21,8.95,11.67,Noida Sector 18,71.2,Dwarka Sector 21
CASE_IND_0174,PERSON_IND_0174,Adult (36-60),28.564679,77.321395,2026-09-01 06:45:35,Tuesday,Overcast,Cyber City Gurgaon,14.86,12.69,Hauz Khas Village,3.2,Noida Sector 18
CASE_IND_0175,PERSON_IND_0175,Adult (36-60),28.545409,77.320634,2026-08-30 17:17:49,Sunday,Rainy,Noida Sector 18,9.69,40.44,Noida Sector 18,40.7,Noida Sector 18
CASE_IND_0176,PERSON_IND_0176,Teen (13-17),28.548673,77.060321,2026-08-31 00:14:29,Monday,Windy,Connaught Place Hub,10.19,26.46,Dwarka Sector 21,33.8,Dwarka Sector 21
CASE_IND_0177,PERSON_IND_0177,Child (5-12),28.599951,77.221415,2026-08-31 19:34:46,Monday,Foggy,Connaught Place Hub,11.07,38.7,Dwarka Sector 21,14.4,Connaught Place Hub
CASE_IND_0178,PERSON_IND_0178,Adult (36-60),28.558045,77.123897,2026-08-30 08:20:06,Sunday,Foggy,Cyber City Gurgaon,7.64,4.92,Hauz Khas Village,49.7,Aerocity Hub
CASE_IND_0179,PERSON_IND_0179,Teen (13-17),28.583501,77.300398,2026-08-29 17:04:34,Saturday,Rainy,Noida Sector 18,11.02,29.76,Connaught Place Hub,64.9,Noida Sector 18
CASE_IND_0180,PERSON_IND_0180,Young Adult (18-35),28.580021,77.328024,2026-08-30 04:37:21,Sunday,Rainy,Cyber City Gurgaon,5.82,39.03,Noida Sector 18,53.4,Noida Sector 18
CASE_IND_0181,PERSON_IND_0181,Young Adult (18-35),28.550658,77.040293,2026-08-31 15:10:30,Monday,Overcast,Connaught Place Hub,14.74,3.73,Cyber City Gurgaon,18.8,Dwarka Sector 21
CASE_IND_0182,PERSON_IND_0182,Adult (36-60),28.620814,77.228625,2026-08-29 19:26:59,Saturday,Overcast,Dwarka Sector 21,16.84,11.03,Dwarka Sector 21,62.6,Connaught Place Hub
CASE_IND_0183,PERSON_IND_0183,Child (5-12),28.570164,77.074418,2026-09-01 01:33:29,Tuesday,Foggy,Dwarka Sector 21,18.23,22.6,Hauz Khas Village,8.4,Dwarka Sector 21
CASE_IND_0184,PERSON_IND_0184,Senior (60+),28.549371,77.230207,2026-08-31 13:11:10,Monday,Windy,Noida Sector 18,17.63,44.52,Hauz Khas Village,20.8,Hauz Khas Village
CASE_IND_0185,PERSON_IND_0185,Adult (36-60),28.613881,77.233385,2026-08-30 14:16:08,Sunday,Foggy,Connaught Place Hub,16.11,24.54,Dwarka Sector 21,43.7,Connaught Place Hub
CASE_IND_0186,PERSON_IND_0186,Young Adult (18-35),28.587428,77.332212,2026-08-31 05:47:12,Monday,Windy,Noida Sector 18,15.36,13.32,Hauz Khas Village,28.2,Noida Sector 18
CASE_IND_0187,PERSON_IND_0187,Young Adult (18-35),28.538813,77.224868,2026-09-01 06:09:12,Tuesday,Foggy,Hauz Khas Village,3.02,10.96,Noida Sector 18,3.8,Hauz Khas Village
CASE_IND_0188,PERSON_IND_0188,Child (5-12),28.581974,77.139471,2026-08-29 10:27:28,Saturday,Rainy,Aerocity Hub,9.96,32.41,Connaught Place Hub,71.5,Aerocity Hub
CASE_IND_0189,PERSON_IND_0189,Adult (36-60),28.628371,77.197737,2026-08-30 17:43:01,Sunday,Windy,Connaught Place Hub,3.49,7.65,Connaught Place Hub,40.3,Connaught Place Hub
CASE_IND_0190,PERSON_IND_0190,Child (5-12),28.622554,77.217412,2026-08-29 14:42:23,Saturday,Foggy,Connaught Place Hub,3.39,34.44,Dwarka Sector 21,67.3,Connaught Place Hub
CASE_IND_0191,PERSON_IND_0191,Young Adult (18-35),28.500794,77.08358,2026-08-31 00:59:03,Monday,Foggy,Cyber City Gurgaon,9.63,40.66,Hauz Khas Village,33.0,Cyber City Gurgaon
CASE_IND_0192,PERSON_IND_0192,Young Adult (18-35),28.481895,77.071816,2026-08-31 09:34:11,Monday,Foggy,Cyber City Gurgaon,7.22,18.0,Connaught Place Hub,24.4,Cyber City Gurgaon
CASE_IND_0193,PERSON_IND_0193,Senior (60+),28.589882,77.345856,2026-08-30 07:21:42,Sunday,Windy,Hauz Khas Village,13.03,3.87,Noida Sector 18,50.6,Noida Sector 18
CASE_IND_0194,PERSON_IND_0194,Young Adult (18-35),28.563977,77.064904,2026-08-29 22:21:36,Saturday,Foggy,Aerocity Hub,14.45,15.12,Dwarka Sector 21,59.6,Dwarka Sector 21
CASE_IND_0195,PERSON_IND_0195,Young Adult (18-35),28.594641,77.333655,2026-08-30 01:55:03,Sunday,Windy,Noida Sector 18,1.32,6.07,Hauz Khas Village,56.1,Noida Sector 18
CASE_IND_0196,PERSON_IND_0196,Adult (36-60),28.553267,77.210394,2026-08-29 16:56:44,Saturday,Clear,Noida Sector 18,17.37,35.79,Dwarka Sector 21,65.1,Hauz Khas Village
CASE_IND_0197,PERSON_IND_0197,Young Adult (18-35),28.624539,77.206052,2026-08-31 14:12:34,Monday,Foggy,Connaught Place Hub,17.38,27.56,Connaught Place Hub,19.8,Connaught Place Hub
CASE_IND_0198,PERSON_IND_0198,Young Adult (18-35),28.580796,77.340789,2026-08-31 04:08:39,Monday,Clear,Noida Sector 18,18.21,42.56,Dwarka Sector 21,29.9,Noida Sector 18
CASE_IND_0199,PERSON_IND_0199,Teen (13-17),28.530364,77.195226,2026-08-31 03:39:02,Monday,Clear,Hauz Khas Village,7.07,30.89,Hauz Khas Village,30.3,Hauz Khas Village
CASE_IND_0200,PERSON_IND_0200,Young Adult (18-35),28.465616,77.070001,2026-08-29 18:25:53,Saturday,Windy,Cyber City Gurgaon,9.53,42.31,Aerocity Hub,63.6,Cyber City Gurgaon
CASE_IND_0201,PERSON_IND_0201,Young Adult (18-35),28.549308,77.130022,2026-08-30 12:55:12,Sunday,Rainy,Aerocity Hub,6.29,13.05,Cyber City Gurgaon,45.1,Aerocity Hub
CASE_IND_0202,PERSON_IND_0202,Adult (36-60),28.483375,77.071943,2026-08-29 17:00:39,Saturday,Rainy,Hauz Khas Village,7.7,37.21,Dwarka Sector 21,65.0,Cyber City Gurgaon
CASE_IND_0203,PERSON_IND_0203,Senior (60+),28.587822,77.321288,2026-08-31 03:03:38,Monday,Rainy,Noida Sector 18,14.58,3.6,Hauz Khas Village,30.9,Noida Sector 18
CASE_IND_0204,PERSON_IND_0204,Adult (36-60),28.551514,77.112234,2026-08-29 19:27:18,Saturday,Windy,Aerocity Hub,4.08,41.27,Hauz Khas Village,62.5,Aerocity Hub
CASE_IND_0205,PERSON_IND_0205,Adult (36-60),28.578334,77.056694,2026-08-30 11:29:52,Sunday,Overcast,Aerocity Hub,8.83,26.16,Noida Sector 18,46.5,Dwarka Sector 21
CASE_IND_0206,PERSON_IND_0206,Young Adult (18-35),28.555135,77.124874,2026-08-29 13:36:39,Saturday,Overcast,Noida Sector 18,6.69,38.24,Noida Sector 18,68.4,Aerocity Hub
CASE_IND_0207,PERSON_IND_0207,Young Adult (18-35),28.643758,77.239648,2026-08-29 19:48:00,Saturday,Foggy,Hauz Khas Village,5.31,14.32,Cyber City Gurgaon,62.2,Connaught Place Hub
CASE_IND_0208,PERSON_IND_0208,Senior (60+),28.543077,77.197722,2026-08-31 10:46:39,Monday,Foggy,Aerocity Hub,7.92,32.65,Dwarka Sector 21,23.2,Hauz Khas Village
CASE_IND_0209,PERSON_IND_0209,Adult (36-60),28.488037,77.111786,2026-08-30 10:12:58,Sunday,Windy,Cyber City Gurgaon,15.81,32.7,Dwarka Sector 21,47.8,Cyber City Gurgaon
CASE_IND_0210,PERSON_IND_0210,Young Adult (18-35),28.60851,77.19753,2026-08-30 18:07:14,Sunday,Rainy,Dwarka Sector 21,9.16,25.0,Aerocity Hub,39.9,Connaught Place Hub
CASE_IND_0211,PERSON_IND_0211,Teen (13-17),28.522615,77.108259,2026-08-29 18:57:23,Saturday,Windy,Noida Sector 18,9.81,5.5,Aerocity Hub,63.0,Cyber City Gurgaon
CASE_IND_0212,PERSON_IND_0212,Young Adult (18-35),28.653559,77.214991,2026-08-30 21:08:11,Sunday,Overcast,Connaught Place Hub,4.8,31.4,Aerocity Hub,36.9,Connaught Place Hub
CASE_IND_0213,PERSON_IND_0213,Child (5-12),28.555844,77.058137,2026-08-30 10:10:37,Sunday,Rainy,Dwarka Sector 21,6.91,27.1,Dwarka Sector 21,47.8,Dwarka Sector 21
CASE_IND_0214,PERSON_IND_0214,Adult (36-60),28.617982,77.323274,2026-08-31 13:12:06,Monday,Clear,Hauz Khas Village,2.26,13.71,Noida Sector 18,20.8,Noida Sector 18
CASE_IND_0215,PERSON_IND_0215,Child (5-12),28.641025,77.22085,2026-09-01 07:52:29,Tuesday,Overcast,Connaught Place Hub,1.52,24.99,Cyber City Gurgaon,2.1,Connaught Place Hub
CASE_IND_0216,PERSON_IND_0216,Senior (60+),28.528038,77.317387,2026-08-30 10:16:00,Sunday,Rainy,Connaught Place Hub,2.82,28.29,Noida Sector 18,47.7,Noida Sector 18
CASE_IND_0217,PERSON_IND_0217,Child (5-12),28.624018,77.216661,2026-08-30 16:30:32,Sunday,Overcast,Dwarka Sector 21,11.35,44.49,Cyber City Gurgaon,41.5,Connaught Place Hub
CASE_IND_0218,PERSON_IND_0218,Young Adult (18-35),28.532792,77.063844,2026-09-01 06:55:24,Tuesday,Clear,Hauz Khas Village,4.27,38.88,Cyber City Gurgaon,3.1,Dwarka Sector 21
CASE_IND_0219,PERSON_IND_0219,Young Adult (18-35),28.639035,77.248937,2026-08-30 01:53:08,Sunday,Clear,Connaught Place Hub,17.41,8.6,Aerocity Hub,56.1,Connaught Place Hub
CASE_IND_0220,PERSON_IND_0220,Senior (60+),28.530537,77.101369,2026-08-31 03:45:19,Monday,Clear,Aerocity Hub,3.65,22.92,Dwarka Sector 21,30.2,Aerocity Hub
CASE_IND_0221,PERSON_IND_0221,Young Adult (18-35),28.542307,77.110926,2026-09-01 05:16:01,Tuesday,Overcast,Aerocity Hub,16.55,41.87,Hauz Khas Village,4.7,Aerocity Hub
CASE_IND_0222,PERSON_IND_0222,Child (5-12),28.539959,77.198394,2026-08-31 09:51:40,Monday,Clear,Dwarka Sector 21,16.91,37.89,Hauz Khas Village,24.1,Hauz Khas Village
CASE_IND_0223,PERSON_IND_0223,Young Adult (18-35),28.579095,77.314794,2026-09-01 00:39:22,Tuesday,Rainy,Noida Sector 18,16.15,11.47,Hauz Khas Village,9.3,Noida Sector 18
CASE_IND_0224,PERSON_IND_0224,Young Adult (18-35),28.528724,77.211898,2026-08-30 19:52:52,Sunday,Foggy,Dwarka Sector 21,6.46,12.94,Hauz Khas Village,38.1,Hauz Khas Village
CASE_IND_0225,PERSON_IND_0225,Child (5-12),28.619938,77.206392,2026-09-01 06:31:21,Tuesday,Windy,Connaught Place Hub,5.2,11.24,Aerocity Hub,3.5,Connaught Place Hub
CASE_IND_0226,PERSON_IND_0226,Adult (36-60),28.492789,77.094571,2026-08-31 03:17:06,Monday,Rainy,Cyber City Gurgaon,12.73,44.41,Dwarka Sector 21,30.7,Cyber City Gurgaon
CASE_IND_0227,PERSON_IND_0227,Child (5-12),28.538314,77.106028,2026-08-30 00:58:59,Sunday,Rainy,Noida Sector 18,6.34,41.75,Aerocity Hub,57.0,Aerocity Hub
CASE_IND_0228,PERSON_IND_0228,Adult (36-60),28.570695,77.11351,2026-08-30 20:44:09,Sunday,Rainy,Aerocity Hub,17.44,43.52,Connaught Place Hub,37.3,Aerocity Hub
CASE_IND_0229,PERSON_IND_0229,Adult (36-60),28.558497,77.054099,2026-08-30 03:51:32,Sunday,Foggy,Dwarka Sector 21,5.04,11.45,Aerocity Hub,54.1,Dwarka Sector 21
CASE_IND_0230,PERSON_IND_0230,Adult (36-60),28.603586,77.207206,2026-08-30 07:31:21,Sunday,Clear,Aerocity Hub,16.22,24.83,Connaught Place Hub,50.5,Connaught Place Hub
CASE_IND_0231,PERSON_IND_0231,Young Adult (18-35),28.567571,77.048877,2026-08-30 06:43:42,Sunday,Foggy,Connaught Place Hub,4.57,32.65,Dwarka Sector 21,51.3,Dwarka Sector 21
CASE_IND_0232,PERSON_IND_0232,Adult (36-60),28.55859,77.030353,2026-09-01 03:50:24,Tuesday,Foggy,Dwarka Sector 21,18.21,29.32,Connaught Place Hub,6.2,Dwarka Sector 21
CASE_IND_0233,PERSON_IND_0233,Teen (13-17),28.58127,77.306928,2026-08-29 11:17:25,Saturday,Foggy,Noida Sector 18,1.28,42.64,Dwarka Sector 21,70.7,Noida Sector 18
CASE_IND_0234,PERSON_IND_0234,Young Adult (18-35),28.487939,77.080759,2026-09-01 00:44:38,Tuesday,Clear,Cyber City Gurgaon,13.71,15.87,Cyber City Gurgaon,9.3,Cyber City Gurgaon
CASE_IND_0235,PERSON_IND_0235,Young Adult (18-35),28.552151,77.078756,2026-08-29 16:14:28,Saturday,Overcast,Dwarka Sector 21,15.19,30.44,Cyber City Gurgaon,65.8,Dwarka Sector 21
CASE_IND_0236,PERSON_IND_0236,Adult (36-60),28.56194,77.200749,2026-08-29 19:47:31,Saturday,Foggy,Hauz Khas Village,5.68,32.11,Dwarka Sector 21,62.2,Hauz Khas Village
CASE_IND_0237,PERSON_IND_0237,Adult (36-60),28.546019,77.058874,2026-08-31 09:08:22,Monday,Foggy,Dwarka Sector 21,18.0,40.32,Dwarka Sector 21,24.9,Dwarka Sector 21
CASE_IND_0238,PERSON_IND_0238,Teen (13-17),28.543958,77.198283,2026-08-31 06:04:55,Monday,Windy,Hauz Khas Village,13.13,6.64,Noida Sector 18,27.9,Hauz Khas Village
CASE_IND_0239,PERSON_IND_0239,Adult (36-60),28.582722,77.327718,2026-08-29 23:14:35,Saturday,Foggy,Noida Sector 18,17.44,43.25,Aerocity Hub,58.8,Noida Sector 18
CASE_IND_0240,PERSON_IND_0240,Young Adult (18-35),28.603959,77.34072,2026-08-30 23:25:22,Sunday,Clear,Noida Sector 18,16.29,24.45,Dwarka Sector 21,34.6,Noida Sector 18
CASE_IND_0241,PERSON_IND_0241,Teen (13-17),28.567969,77.324938,2026-09-01 08:18:48,Tuesday,Foggy,Hauz Khas Village,4.27,15.96,Noida Sector 18,1.7,Noida Sector 18
CASE_IND_0242,PERSON_IND_0242,Young Adult (18-35),28.56795,77.121404,2026-08-30 12:12:41,Sunday,Rainy,Noida Sector 18,6.13,20.96,Dwarka Sector 21,45.8,Aerocity Hub
CASE_IND_0243,PERSON_IND_0243,Senior (60+),28.557159,77.091411,2026-08-30 15:34:03,Sunday,Clear,Noida Sector 18,7.99,23.76,Aerocity Hub,42.4,Aerocity Hub
CASE_IND_0244,PERSON_IND_0244,Young Adult (18-35),28.571851,77.102615,2026-08-29 13:06:31,Saturday,Windy,Aerocity Hub,6.76,6.18,Hauz Khas Village,68.9,Aerocity Hub
CASE_IND_0245,PERSON_IND_0245,Adult (36-60),28.638999,77.201732,2026-08-29 10:23:10,Saturday,Rainy,Connaught Place Hub,15.14,7.7,Connaught Place Hub,71.6,Connaught Place Hub
CASE_IND_0246,PERSON_IND_0246,Young Adult (18-35),28.482663,77.083049,2026-08-29 21:54:26,Saturday,Clear,Cyber City Gurgaon,2.61,21.39,Dwarka Sector 21,60.1,Cyber City Gurgaon
CASE_IND_0247,PERSON_IND_0247,Child (5-12),28.621706,77.213366,2026-08-30 21:15:10,Sunday,Foggy,Hauz Khas Village,7.94,39.97,Noida Sector 18,36.7,Connaught Place Hub
CASE_IND_0248,PERSON_IND_0248,Senior (60+),28.538544,77.03902,2026-08-30 01:36:58,Sunday,Clear,Dwarka Sector 21,6.71,32.65,Aerocity Hub,56.4,Dwarka Sector 21
CASE_IND_0249,PERSON_IND_0249,Senior (60+),28.55121,77.350629,2026-08-31 15:03:56,Monday,Clear,Noida Sector 18,4.8,13.0,Cyber City Gurgaon,18.9,Noida Sector 18
CASE_IND_0250,PERSON_IND_0250,Teen (13-17),28.529679,77.220425,2026-08-30 03:21:33,Sunday,Foggy,Hauz Khas Village,2.22,20.89,Connaught Place Hub,54.6,Hauz Khas Village
CASE_IND_0251,PERSON_IND_0251,Young Adult (18-35),28.50271,77.098051,2026-09-01 01:01:24,Tuesday,Foggy,Cyber City Gurgaon,10.93,6.79,Aerocity Hub,9.0,Cyber City Gurgaon
CASE_IND_0252,PERSON_IND_0252,Adult (36-60),28.578112,77.046866,2026-08-31 10:43:52,Monday,Foggy,Noida Sector 18,2.89,29.15,Aerocity Hub,23.3,Dwarka Sector 21
CASE_IND_0253,PERSON_IND_0253,Adult (36-60),28.584028,77.335723,2026-08-30 12:15:42,Sunday,Windy,Dwarka Sector 21,1.32,5.19,Noida Sector 18,45.7,Noida Sector 18
CASE_IND_0254,PERSON_IND_0254,Adult (36-60),28.488706,77.119858,2026-08-30 19:15:44,Sunday,Rainy,Hauz Khas Village,1.55,39.36,Dwarka Sector 21,38.7,Cyber City Gurgaon
CASE_IND_0255,PERSON_IND_0255,Senior (60+),28.537669,77.096925,2026-08-30 04:31:45,Sunday,Rainy,Aerocity Hub,2.15,33.04,Hauz Khas Village,53.5,Aerocity Hub
CASE_IND_0256,PERSON_IND_0256,Child (5-12),28.640692,77.226419,2026-08-30 04:06:28,Sunday,Overcast,Noida Sector 18,6.09,43.64,Noida Sector 18,53.9,Connaught Place Hub
CASE_IND_0257,PERSON_IND_0257,Adult (36-60),28.557101,77.075521,2026-08-31 20:08:38,Monday,Rainy,Dwarka Sector 21,15.89,18.02,Connaught Place Hub,13.9,Dwarka Sector 21
CASE_IND_0258,PERSON_IND_0258,Adult (36-60),28.540681,77.339031,2026-08-29 23:56:33,Saturday,Rainy,Noida Sector 18,8.31,21.47,Aerocity Hub,58.1,Noida Sector 18
CASE_IND_0259,PERSON_IND_0259,Teen (13-17),28.552122,77.031663,2026-08-30 21:52:20,Sunday,Overcast,Dwarka Sector 21,16.51,10.45,Aerocity Hub,36.1,Dwarka Sector 21
CASE_IND_0260,PERSON_IND_0260,Teen (13-17),28.48204,77.073751,2026-08-30 08:08:52,Sunday,Clear,Cyber City Gurgaon,11.34,19.75,Connaught Place Hub,49.9,Cyber City Gurgaon
CASE_IND_0261,PERSON_IND_0261,Adult (36-60),28.545405,77.056549,2026-09-01 03:07:00,Tuesday,Clear,Aerocity Hub,3.99,42.43,Dwarka Sector 21,6.9,Dwarka Sector 21
CASE_IND_0262,PERSON_IND_0262,Adult (36-60),28.57232,77.321009,2026-08-31 23:11:29,Monday,Clear,Hauz Khas Village,10.2,32.36,Cyber City Gurgaon,10.8,Noida Sector 18
CASE_IND_0263,PERSON_IND_0263,Teen (13-17),28.557815,77.049738,2026-09-01 02:49:29,Tuesday,Rainy,Dwarka Sector 21,11.98,41.19,Noida Sector 18,7.2,Dwarka Sector 21
CASE_IND_0264,PERSON_IND_0264,Young Adult (18-35),28.557993,77.077935,2026-08-29 22:02:05,Saturday,Rainy,Noida Sector 18,5.17,35.33,Dwarka Sector 21,60.0,Dwarka Sector 21
CASE_IND_0265,PERSON_IND_0265,Teen (13-17),28.558708,77.199421,2026-08-31 23:17:30,Monday,Clear,Hauz Khas Village,3.67,34.96,Connaught Place Hub,10.7,Hauz Khas Village
CASE_IND_0266,PERSON_IND_0266,Teen (13-17),28.545822,77.049039,2026-09-01 00:53:41,Tuesday,Clear,Cyber City Gurgaon,3.09,30.72,Connaught Place Hub,9.1,Dwarka Sector 21
CASE_IND_0267,PERSON_IND_0267,Adult (36-60),28.654478,77.223179,2026-08-29 10:54:12,Saturday,Clear,Hauz Khas Village,6.38,40.06,Dwarka Sector 21,71.1,Connaught Place Hub
CASE_IND_0268,PERSON_IND_0268,Adult (36-60),28.5624,77.102346,2026-08-29 19:04:50,Saturday,Clear,Cyber City Gurgaon,14.62,7.87,Aerocity Hub,62.9,Aerocity Hub
CASE_IND_0269,PERSON_IND_0269,Young Adult (18-35),28.551127,77.330767,2026-08-30 10:49:34,Sunday,Foggy,Aerocity Hub,3.69,42.62,Connaught Place Hub,47.2,Noida Sector 18
CASE_IND_0270,PERSON_IND_0270,Child (5-12),28.541395,77.036004,2026-08-30 07:13:36,Sunday,Windy,Dwarka Sector 21,4.13,38.39,Dwarka Sector 21,50.8,Dwarka Sector 21
CASE_IND_0271,PERSON_IND_0271,Child (5-12),28.559681,77.339926,2026-08-30 18:08:01,Sunday,Foggy,Noida Sector 18,11.47,29.87,Noida Sector 18,39.9,Noida Sector 18
CASE_IND_0272,PERSON_IND_0272,Young Adult (18-35),28.578763,77.326439,2026-08-30 00:53:15,Sunday,Clear,Noida Sector 18,17.79,31.42,Hauz Khas Village,57.1,Noida Sector 18
CASE_IND_0273,PERSON_IND_0273,Young Adult (18-35),28.513468,77.087589,2026-08-30 13:51:08,Sunday,Clear,Dwarka Sector 21,9.93,9.34,Cyber City Gurgaon,44.1,Cyber City Gurgaon
CASE_IND_0274,PERSON_IND_0274,Young Adult (18-35),28.54171,77.141171,2026-08-31 16:11:47,Monday,Windy,Hauz Khas Village,1.72,34.26,Hauz Khas Village,17.8,Aerocity Hub
CASE_IND_0275,PERSON_IND_0275,Child (5-12),28.48472,77.104992,2026-08-31 12:06:27,Monday,Rainy,Cyber City Gurgaon,13.97,30.09,Cyber City Gurgaon,21.9,Cyber City Gurgaon
CASE_IND_0276,PERSON_IND_0276,Young Adult (18-35),28.510652,77.084694,2026-08-30 12:06:28,Sunday,Rainy,Cyber City Gurgaon,11.84,14.99,Noida Sector 18,45.9,Cyber City Gurgaon
CASE_IND_0277,PERSON_IND_0277,Senior (60+),28.553926,77.065777,2026-09-01 09:29:44,Tuesday,Overcast,Hauz Khas Village,3.77,35.44,Dwarka Sector 21,0.5,Dwarka Sector 21
CASE_IND_0278,PERSON_IND_0278,Adult (36-60),28.574928,77.31227,2026-08-29 11:17:18,Saturday,Windy,Noida Sector 18,7.17,30.39,Noida Sector 18,70.7,Noida Sector 18
CASE_IND_0279,PERSON_IND_0279,Young Adult (18-35),28.556507,77.32285,2026-08-30 05:11:07,Sunday,Rainy,Aerocity Hub,18.14,44.56,Noida Sector 18,52.8,Noida Sector 18
CASE_IND_0280,PERSON_IND_0280,Young Adult (18-35),28.567714,77.043459,2026-08-29 13:00:38,Saturday,Rainy,Cyber City Gurgaon,15.82,44.1,Cyber City Gurgaon,69.0,Dwarka Sector 21
CASE_IND_0281,PERSON_IND_0281,Adult (36-60),28.555906,77.112345,2026-08-31 22:54:02,Monday,Clear,Aerocity Hub,9.13,16.3,Dwarka Sector 21,11.1,Aerocity Hub
CASE_IND_0282,PERSON_IND_0282,Adult (36-60),28.580163,77.321769,2026-08-29 12:05:49,Saturday,Windy,Noida Sector 18,17.87,17.87,Aerocity Hub,69.9,Noida Sector 18
CASE_IND_0283,PERSON_IND_0283,Young Adult (18-35),28.562159,77.215128,2026-08-29 22:24:07,Saturday,Clear,Hauz Khas Village,7.72,13.08,Dwarka Sector 21,59.6,Hauz Khas Village
CASE_IND_0284,PERSON_IND_0284,Adult (36-60),28.640259,77.196122,2026-08-30 08:45:00,Sunday,Foggy,Connaught Place Hub,10.84,23.59,Noida Sector 18,49.2,Connaught Place Hub
CASE_IND_0285,PERSON_IND_0285,Young Adult (18-35),28.483363,77.109911,2026-09-01 07:02:56,Tuesday,Foggy,Cyber City Gurgaon,12.65,11.8,Hauz Khas Village,3.0,Cyber City Gurgaon
CASE_IND_0286,PERSON_IND_0286,Senior (60+),28.555373,77.116223,2026-08-30 16:39:02,Sunday,Overcast,Aerocity Hub,16.3,22.41,Cyber City Gurgaon,41.3,Aerocity Hub
CASE_IND_0287,PERSON_IND_0287,Young Adult (18-35),28.544545,77.220536,2026-08-30 11:32:30,Sunday,Overcast,Hauz Khas Village,2.77,5.29,Hauz Khas Village,46.5,Hauz Khas Village
CASE_IND_0288,PERSON_IND_0288,Adult (36-60),28.567648,77.060004,2026-08-29 22:45:16,Saturday,Rainy,Dwarka Sector 21,17.94,39.18,Hauz Khas Village,59.2,Dwarka Sector 21
CASE_IND_0289,PERSON_IND_0289,Young Adult (18-35),28.573095,77.131161,2026-08-31 07:48:28,Monday,Clear,Aerocity Hub,4.9,38.35,Dwarka Sector 21,26.2,Aerocity Hub
CASE_IND_0290,PERSON_IND_0290,Senior (60+),28.567398,77.197388,2026-08-30 19:16:10,Sunday,Clear,Cyber City Gurgaon,8.99,29.91,Hauz Khas Village,38.7,Hauz Khas Village
CASE_IND_0291,PERSON_IND_0291,Senior (60+),28.556194,77.065979,2026-08-30 01:16:13,Sunday,Foggy,Cyber City Gurgaon,11.69,3.91,Dwarka Sector 21,56.7,Dwarka Sector 21
CASE_IND_0292,PERSON_IND_0292,Child (5-12),28.558493,77.124343,2026-08-29 22:17:41,Saturday,Rainy,Connaught Place Hub,7.86,32.26,Aerocity Hub,59.7,Aerocity Hub
CASE_IND_0293,PERSON_IND_0293,Young Adult (18-35),28.554239,77.112606,2026-08-29 13:45:10,Saturday,Clear,Dwarka Sector 21,10.94,36.39,Aerocity Hub,68.2,Aerocity Hub
CASE_IND_0294,PERSON_IND_0294,Adult (36-60),28.475784,77.113354,2026-08-30 18:03:18,Sunday,Overcast,Dwarka Sector 21,6.33,30.68,Hauz Khas Village,39.9,Cyber City Gurgaon
CASE_IND_0295,PERSON_IND_0295,Young Adult (18-35),28.536327,77.080536,2026-08-30 16:43:44,Sunday,Foggy,Noida Sector 18,17.76,4.47,Dwarka Sector 21,41.3,Dwarka Sector 21
CASE_IND_0296,PERSON_IND_0296,Young Adult (18-35),28.460159,77.077127,2026-08-30 11:34:23,Sunday,Overcast,Cyber City Gurgaon,8.24,16.05,Hauz Khas Village,46.4,Cyber City Gurgaon
CASE_IND_0297,PERSON_IND_0297,Young Adult (18-35),28.633883,77.2004,2026-08-29 18:27:23,Saturday,Windy,Dwarka Sector 21,14.93,14.01,Connaught Place Hub,63.5,Connaught Place Hub
CASE_IND_0298,PERSON_IND_0298,Senior (60+),28.646238,77.243324,2026-08-29 11:34:52,Saturday,Foggy,Connaught Place Hub,17.18,22.56,Noida Sector 18,70.4,Connaught Place Hub
CASE_IND_0299,PERSON_IND_0299,Adult (36-60),28.613063,77.225542,2026-08-30 04:44:47,Sunday,Windy,Hauz Khas Village,15.29,16.06,Connaught Place Hub,53.3,Connaught Place Hub
CASE_IND_0300,PERSON_IND_0300,Young Adult (18-35),28.563256,77.113325,2026-08-31 06:22:12,Monday,Foggy,Aerocity Hub,14.23,31.43,Hauz Khas Village,27.6,Aerocity Hub
CASE_IND_0301,PERSON_IND_0301,Teen (13-17),28.63123,77.247221,2026-08-30 06:02:46,Sunday,Rainy,Cyber City Gurgaon,1.85,8.56,Connaught Place Hub,52.0,Connaught Place Hub
CASE_IND_0302,PERSON_IND_0302,Adult (36-60),28.558628,77.192682,2026-08-30 21:16:07,Sunday,Rainy,Hauz Khas Village,2.94,22.77,Connaught Place Hub,36.7,Hauz Khas Village
CASE_IND_0303,PERSON_IND_0303,Adult (36-60),28.491666,77.07271,2026-08-31 01:15:47,Monday,Windy,Cyber City Gurgaon,3.37,19.4,Dwarka Sector 21,32.7,Cyber City Gurgaon
CASE_IND_0304,PERSON_IND_0304,Teen (13-17),28.551868,77.058627,2026-08-30 03:39:51,Sunday,Windy,Dwarka Sector 21,14.65,15.25,Hauz Khas Village,54.3,Dwarka Sector 21
CASE_IND_0305,PERSON_IND_0305,Teen (13-17),28.543944,77.072312,2026-08-31 03:58:00,Monday,Clear,Dwarka Sector 21,17.65,3.57,Dwarka Sector 21,30.0,Dwarka Sector 21
CASE_IND_0306,PERSON_IND_0306,Adult (36-60),28.508108,77.054325,2026-08-29 15:12:26,Saturday,Windy,Connaught Place Hub,14.6,17.83,Dwarka Sector 21,66.8,Dwarka Sector 21
CASE_IND_0307,PERSON_IND_0307,Young Adult (18-35),28.582728,77.129915,2026-08-29 20:26:46,Saturday,Rainy,Cyber City Gurgaon,12.85,37.54,Dwarka Sector 21,61.6,Aerocity Hub
CASE_IND_0308,PERSON_IND_0308,Young Adult (18-35),28.538703,77.158949,2026-08-31 02:34:01,Monday,Rainy,Aerocity Hub,3.71,44.25,Cyber City Gurgaon,31.4,Aerocity Hub
CASE_IND_0309,PERSON_IND_0309,Young Adult (18-35),28.560616,77.324363,2026-08-29 20:52:41,Saturday,Clear,Noida Sector 18,8.26,28.47,Noida Sector 18,61.1,Noida Sector 18
CASE_IND_0310,PERSON_IND_0310,Teen (13-17),28.50266,77.090004,2026-08-29 21:40:35,Saturday,Windy,Hauz Khas Village,7.85,9.48,Hauz Khas Village,60.3,Cyber City Gurgaon
CASE_IND_0311,PERSON_IND_0311,Young Adult (18-35),28.541298,77.112765,2026-08-31 12:45:17,Monday,Rainy,Aerocity Hub,12.86,20.72,Hauz Khas Village,21.2,Aerocity Hub
CASE_IND_0312,PERSON_IND_0312,Teen (13-17),28.559814,77.050897,2026-08-30 00:58:13,Sunday,Foggy,Dwarka Sector 21,12.42,20.76,Dwarka Sector 21,57.0,Dwarka Sector 21
CASE_IND_0313,PERSON_IND_0313,Young Adult (18-35),28.615835,77.22468,2026-08-31 13:52:49,Monday,Overcast,Connaught Place Hub,10.29,5.73,Hauz Khas Village,20.1,Connaught Place Hub
CASE_IND_0314,PERSON_IND_0314,Child (5-12),28.558475,77.043672,2026-08-30 00:25:23,Sunday,Rainy,Aerocity Hub,12.51,3.77,Dwarka Sector 21,57.6,Dwarka Sector 21
CASE_IND_0315,PERSON_IND_0315,Adult (36-60),28.48285,77.069195,2026-08-31 22:11:08,Monday,Overcast,Cyber City Gurgaon,1.78,22.39,Hauz Khas Village,11.8,Cyber City Gurgaon
CASE_IND_0316,PERSON_IND_0316,Teen (13-17),28.511911,77.099838,2026-08-30 16:28:55,Sunday,Overcast,Hauz Khas Village,13.1,38.09,Connaught Place Hub,41.5,Aerocity Hub
CASE_IND_0317,PERSON_IND_0317,Adult (36-60),28.538316,77.232267,2026-08-30 06:05:33,Sunday,Clear,Dwarka Sector 21,7.45,43.95,Aerocity Hub,51.9,Hauz Khas Village
CASE_IND_0318,PERSON_IND_0318,Young Adult (18-35),28.529411,77.121629,2026-08-29 20:02:36,Saturday,Overcast,Aerocity Hub,8.57,30.53,Cyber City Gurgaon,62.0,Aerocity Hub
CASE_IND_0319,PERSON_IND_0319,Young Adult (18-35),28.567186,77.095576,2026-08-31 15:34:31,Monday,Foggy,Aerocity Hub,14.06,3.96,Dwarka Sector 21,18.4,Aerocity Hub
CASE_IND_0320,PERSON_IND_0320,Young Adult (18-35),28.53217,77.206234,2026-08-31 14:56:37,Monday,Foggy,Cyber City Gurgaon,13.89,5.46,Dwarka Sector 21,19.1,Hauz Khas Village
CASE_IND_0321,PERSON_IND_0321,Adult (36-60),28.544581,77.034226,2026-08-31 18:06:49,Monday,Overcast,Aerocity Hub,14.74,32.45,Dwarka Sector 21,15.9,Dwarka Sector 21
CASE_IND_0322,PERSON_IND_0322,Child (5-12),28.542095,77.026757,2026-08-29 22:55:51,Saturday,Foggy,Noida Sector 18,15.1,18.53,Noida Sector 18,59.1,Dwarka Sector 21
CASE_IND_0323,PERSON_IND_0323,Teen (13-17),28.508106,77.107296,2026-08-29 11:16:59,Saturday,Overcast,Aerocity Hub,3.11,39.36,Connaught Place Hub,70.7,Cyber City Gurgaon
CASE_IND_0324,PERSON_IND_0324,Teen (13-17),28.557925,77.06819,2026-08-31 02:38:21,Monday,Rainy,Dwarka Sector 21,12.71,6.4,Connaught Place Hub,31.4,Dwarka Sector 21
CASE_IND_0325,PERSON_IND_0325,Young Adult (18-35),28.636778,77.19877,2026-08-30 19:03:33,Sunday,Overcast,Cyber City Gurgaon,13.71,37.95,Connaught Place Hub,38.9,Connaught Place Hub
CASE_IND_0326,PERSON_IND_0326,Adult (36-60),28.578892,77.327871,2026-08-30 00:00:07,Sunday,Rainy,Cyber City Gurgaon,7.17,26.76,Connaught Place Hub,58.0,Noida Sector 18
CASE_IND_0327,PERSON_IND_0327,Adult (36-60),28.564065,77.32224,2026-08-31 13:11:46,Monday,Windy,Dwarka Sector 21,5.21,29.71,Noida Sector 18,20.8,Noida Sector 18
CASE_IND_0328,PERSON_IND_0328,Adult (36-60),28.584165,77.345348,2026-09-01 07:36:41,Tuesday,Foggy,Noida Sector 18,9.16,5.05,Hauz Khas Village,2.4,Noida Sector 18
CASE_IND_0329,PERSON_IND_0329,Senior (60+),28.590378,77.3248,2026-08-31 11:41:06,Monday,Rainy,Noida Sector 18,14.98,38.62,Hauz Khas Village,22.3,Noida Sector 18
CASE_IND_0330,PERSON_IND_0330,Adult (36-60),28.561714,77.150342,2026-08-31 00:44:45,Monday,Overcast,Cyber City Gurgaon,8.28,19.16,Aerocity Hub,33.3,Aerocity Hub
CASE_IND_0331,PERSON_IND_0331,Adult (36-60),28.537578,77.1742,2026-09-01 06:09:02,Tuesday,Foggy,Aerocity Hub,4.42,29.36,Hauz Khas Village,3.8,Hauz Khas Village
CASE_IND_0332,PERSON_IND_0332,Senior (60+),28.651733,77.224022,2026-09-01 07:14:02,Tuesday,Rainy,Aerocity Hub,15.69,12.57,Connaught Place Hub,2.8,Connaught Place Hub
CASE_IND_0333,PERSON_IND_0333,Young Adult (18-35),28.497752,77.103804,2026-08-31 10:46:13,Monday,Rainy,Cyber City Gurgaon,13.69,12.11,Cyber City Gurgaon,23.2,Cyber City Gurgaon
CASE_IND_0334,PERSON_IND_0334,Adult (36-60),28.544883,77.048562,2026-08-29 22:47:59,Saturday,Windy,Connaught Place Hub,12.83,15.38,Dwarka Sector 21,59.2,Dwarka Sector 21
CASE_IND_0335,PERSON_IND_0335,Young Adult (18-35),28.582926,77.329705,2026-08-29 16:43:18,Saturday,Overcast,Aerocity Hub,4.98,26.06,Hauz Khas Village,65.3,Noida Sector 18
CASE_IND_0336,PERSON_IND_0336,Senior (60+),28.584081,77.093736,2026-08-30 08:16:50,Sunday,Foggy,Hauz Khas Village,8.63,41.49,Hauz Khas Village,49.7,Aerocity Hub
CASE_IND_0337,PERSON_IND_0337,Adult (36-60),28.643015,77.203777,2026-08-30 20:21:52,Sunday,Rainy,Hauz Khas Village,10.72,27.03,Connaught Place Hub,37.6,Connaught Place Hub
CASE_IND_0338,PERSON_IND_0338,Young Adult (18-35),28.565119,77.112113,2026-08-29 18:02:52,Saturday,Foggy,Aerocity Hub,12.71,15.14,Aerocity Hub,64.0,Aerocity Hub
CASE_IND_0339,PERSON_IND_0339,Senior (60+),28.519688,77.091154,2026-08-31 02:01:01,Monday,Clear,Cyber City Gurgaon,14.55,15.05,Hauz Khas Village,32.0,Cyber City Gurgaon
CASE_IND_0340,PERSON_IND_0340,Senior (60+),28.516629,77.097235,2026-08-30 12:39:17,Sunday,Foggy,Cyber City Gurgaon,17.08,20.14,Cyber City Gurgaon,45.3,Cyber City Gurgaon
CASE_IND_0341,PERSON_IND_0341,Young Adult (18-35),28.552481,77.140746,2026-08-31 14:08:50,Monday,Foggy,Aerocity Hub,4.45,44.53,Hauz Khas Village,19.9,Aerocity Hub
CASE_IND_0342,PERSON_IND_0342,Teen (13-17),28.526697,77.135089,2026-09-01 06:31:04,Tuesday,Clear,Connaught Place Hub,14.6,28.67,Aerocity Hub,3.5,Aerocity Hub
CASE_IND_0343,PERSON_IND_0343,Young Adult (18-35),28.653126,77.225126,2026-08-30 19:26:28,Sunday,Rainy,Aerocity Hub,12.7,4.68,Aerocity Hub,38.6,Connaught Place Hub
CASE_IND_0344,PERSON_IND_0344,Young Adult (18-35),28.562691,77.070271,2026-08-30 19:01:49,Sunday,Rainy,Dwarka Sector 21,10.19,25.62,Hauz Khas Village,39.0,Dwarka Sector 21
CASE_IND_0345,PERSON_IND_0345,Child (5-12),28.556717,77.111891,2026-08-31 01:36:49,Monday,Foggy,Aerocity Hub,4.88,9.58,Dwarka Sector 21,32.4,Aerocity Hub
CASE_IND_0346,PERSON_IND_0346,Young Adult (18-35),28.495525,77.06519,2026-08-30 14:24:41,Sunday,Rainy,Hauz Khas Village,1.83,36.2,Cyber City Gurgaon,43.6,Cyber City Gurgaon
CASE_IND_0347,PERSON_IND_0347,Senior (60+),28.606827,77.231454,2026-08-30 17:53:18,Sunday,Rainy,Connaught Place Hub,1.55,18.97,Connaught Place Hub,40.1,Connaught Place Hub
CASE_IND_0348,PERSON_IND_0348,Adult (36-60),28.548208,77.211585,2026-08-30 03:39:38,Sunday,Clear,Hauz Khas Village,16.32,34.13,Cyber City Gurgaon,54.3,Hauz Khas Village
CASE_IND_0349,PERSON_IND_0349,Adult (36-60),28.594097,77.320302,2026-08-31 07:18:31,Monday,Foggy,Noida Sector 18,7.92,9.72,Noida Sector 18,26.7,Noida Sector 18
CASE_IND_0350,PERSON_IND_0350,Senior (60+),28.497753,77.093439,2026-09-01 03:44:31,Tuesday,Windy,Connaught Place Hub,7.69,32.47,Cyber City Gurgaon,6.3,Cyber City Gurgaon
CASE_IND_0351,PERSON_IND_0351,Teen (13-17),28.552351,77.0823,2026-09-01 05:13:13,Tuesday,Foggy,Aerocity Hub,18.32,40.0,Dwarka Sector 21,4.8,Dwarka Sector 21
CASE_IND_0352,PERSON_IND_0352,Teen (13-17),28.554818,77.331423,2026-09-01 05:46:34,Tuesday,Foggy,Dwarka Sector 21,15.45,27.0,Connaught Place Hub,4.2,Noida Sector 18
CASE_IND_0353,PERSON_IND_0353,Young Adult (18-35),28.551965,77.020866,2026-08-30 14:52:17,Sunday,Rainy,Connaught Place Hub,12.24,28.39,Dwarka Sector 21,43.1,Dwarka Sector 21
CASE_IND_0354,PERSON_IND_0354,Young Adult (18-35),28.47262,77.097426,2026-08-31 11:36:12,Monday,Clear,Cyber City Gurgaon,12.34,35.32,Cyber City Gurgaon,22.4,Cyber City Gurgaon
CASE_IND_0355,PERSON_IND_0355,Young Adult (18-35),28.572954,77.063018,2026-08-29 19:08:42,Saturday,Clear,Dwarka Sector 21,4.95,10.58,Aerocity Hub,62.9,Dwarka Sector 21
CASE_IND_0356,PERSON_IND_0356,Young Adult (18-35),28.483599,77.115277,2026-08-29 19:52:33,Saturday,Clear,Cyber City Gurgaon,1.3,44.84,Cyber City Gurgaon,62.1,Cyber City Gurgaon
CASE_IND_0357,PERSON_IND_0357,Teen (13-17),28.554945,77.207225,2026-08-30 05:07:05,Sunday,Foggy,Aerocity Hub,9.72,33.67,Hauz Khas Village,52.9,Hauz Khas Village
CASE_IND_0358,PERSON_IND_0358,Adult (36-60),28.547552,77.134915,2026-08-30 01:41:31,Sunday,Windy,Noida Sector 18,17.04,36.33,Cyber City Gurgaon,56.3,Aerocity Hub
CASE_IND_0359,PERSON_IND_0359,Young Adult (18-35),28.572637,77.292428,2026-08-30 20:21:38,Sunday,Rainy,Connaught Place Hub,14.94,36.12,Cyber City Gurgaon,37.6,Noida Sector 18
CASE_IND_0360,PERSON_IND_0360,Young Adult (18-35),28.488493,77.076509,2026-08-29 20:34:33,Saturday,Windy,Aerocity Hub,10.54,27.56,Dwarka Sector 21,61.4,Cyber City Gurgaon
CASE_IND_0361,PERSON_IND_0361,Senior (60+),28.565153,77.058271,2026-08-30 17:10:18,Sunday,Foggy,Dwarka Sector 21,10.07,11.41,Noida Sector 18,40.8,Dwarka Sector 21
CASE_IND_0362,PERSON_IND_0362,Child (5-12),28.55273,77.117334,2026-08-29 10:57:57,Saturday,Overcast,Aerocity Hub,4.53,30.66,Aerocity Hub,71.0,Aerocity Hub
CASE_IND_0363,PERSON_IND_0363,Senior (60+),28.548735,77.070141,2026-08-30 08:18:09,Sunday,Overcast,Noida Sector 18,10.26,5.62,Cyber City Gurgaon,49.7,Dwarka Sector 21
CASE_IND_0364,PERSON_IND_0364,Young Adult (18-35),28.532634,77.098469,2026-08-29 11:10:15,Saturday,Overcast,Noida Sector 18,18.47,42.76,Dwarka Sector 21,70.8,Aerocity Hub
CASE_IND_0365,PERSON_IND_0365,Adult (36-60),28.573346,77.12043,2026-09-01 07:11:18,Tuesday,Clear,Dwarka Sector 21,13.36,34.07,Hauz Khas Village,2.8,Aerocity Hub
CASE_IND_0366,PERSON_IND_0366,Senior (60+),28.630817,77.235995,2026-08-30 13:41:32,Sunday,Overcast,Aerocity Hub,11.67,6.63,Aerocity Hub,44.3,Connaught Place Hub
CASE_IND_0367,PERSON_IND_0367,Adult (36-60),28.559553,77.077115,2026-08-31 07:41:57,Monday,Foggy,Dwarka Sector 21,14.44,39.68,Aerocity Hub,26.3,Dwarka Sector 21
CASE_IND_0368,PERSON_IND_0368,Young Adult (18-35),28.496175,77.106766,2026-08-30 08:42:00,Sunday,Rainy,Cyber City Gurgaon,8.87,11.79,Connaught Place Hub,49.3,Cyber City Gurgaon
CASE_IND_0369,PERSON_IND_0369,Young Adult (18-35),28.637386,77.220698,2026-08-31 16:30:16,Monday,Windy,Connaught Place Hub,2.52,9.0,Cyber City Gurgaon,17.5,Connaught Place Hub
CASE_IND_0370,PERSON_IND_0370,Young Adult (18-35),28.566868,77.310793,2026-08-31 18:17:38,Monday,Overcast,Hauz Khas Village,7.52,29.89,Noida Sector 18,15.7,Noida Sector 18
CASE_IND_0371,PERSON_IND_0371,Young Adult (18-35),28.641664,77.220647,2026-08-31 00:01:28,Monday,Rainy,Connaught Place Hub,15.77,37.41,Connaught Place Hub,34.0,Connaught Place Hub
CASE_IND_0372,PERSON_IND_0372,Child (5-12),28.589639,77.330375,2026-08-31 22:27:33,Monday,Clear,Hauz Khas Village,6.72,33.43,Noida Sector 18,11.5,Noida Sector 18
CASE_IND_0373,PERSON_IND_0373,Young Adult (18-35),28.55422,77.09455,2026-08-31 14:41:43,Monday,Clear,Aerocity Hub,8.46,9.84,Connaught Place Hub,19.3,Aerocity Hub
CASE_IND_0374,PERSON_IND_0374,Adult (36-60),28.509648,77.063188,2026-08-29 20:35:51,Saturday,Windy,Cyber City Gurgaon,8.76,41.08,Cyber City Gurgaon,61.4,Cyber City Gurgaon
CASE_IND_0375,PERSON_IND_0375,Adult (36-60),28.53704,77.20158,2026-08-29 12:32:13,Saturday,Rainy,Hauz Khas Village,17.95,16.73,Aerocity Hub,69.5,Hauz Khas Village
CASE_IND_0376,PERSON_IND_0376,Teen (13-17),28.569585,77.187665,2026-08-31 00:14:54,Monday,Foggy,Hauz Khas Village,8.16,29.05,Dwarka Sector 21,33.8,Hauz Khas Village
CASE_IND_0377,PERSON_IND_0377,Young Adult (18-35),28.560628,77.216606,2026-08-29 13:09:25,Saturday,Windy,Aerocity Hub,11.22,18.26,Dwarka Sector 21,68.8,Hauz Khas Village
CASE_IND_0378,PERSON_IND_0378,Adult (36-60),28.537849,77.109441,2026-08-29 22:18:11,Saturday,Foggy,Aerocity Hub,6.52,14.42,Aerocity Hub,59.7,Aerocity Hub
CASE_IND_0379,PERSON_IND_0379,Young Adult (18-35),28.556096,77.186429,2026-08-29 10:06:38,Saturday,Rainy,Noida Sector 18,13.11,40.42,Connaught Place Hub,71.9,Hauz Khas Village
CASE_IND_0380,PERSON_IND_0380,Teen (13-17),28.554962,77.066955,2026-08-31 19:25:31,Monday,Overcast,Cyber City Gurgaon,8.55,35.74,Noida Sector 18,14.6,Dwarka Sector 21
CASE_IND_0381,PERSON_IND_0381,Young Adult (18-35),28.537695,77.048402,2026-09-01 03:37:21,Tuesday,Clear,Noida Sector 18,13.18,18.41,Cyber City Gurgaon,6.4,Dwarka Sector 21
CASE_IND_0382,PERSON_IND_0382,Young Adult (18-35),28.586728,77.132229,2026-09-01 02:57:10,Tuesday,Clear,Aerocity Hub,9.53,9.07,Cyber City Gurgaon,7.0,Aerocity Hub
CASE_IND_0383,PERSON_IND_0383,Adult (36-60),28.571259,77.075506,2026-08-29 20:36:27,Saturday,Clear,Dwarka Sector 21,17.13,4.88,Dwarka Sector 21,61.4,Dwarka Sector 21
CASE_IND_0384,PERSON_IND_0384,Child (5-12),28.598521,77.316142,2026-08-30 19:23:47,Sunday,Foggy,Connaught Place Hub,7.09,14.22,Cyber City Gurgaon,38.6,Noida Sector 18
CASE_IND_0385,PERSON_IND_0385,Adult (36-60),28.575833,77.349008,2026-08-29 17:39:04,Saturday,Windy,Noida Sector 18,14.46,9.31,Noida Sector 18,64.3,Noida Sector 18
CASE_IND_0386,PERSON_IND_0386,Child (5-12),28.558669,77.049971,2026-08-30 11:23:40,Sunday,Windy,Dwarka Sector 21,4.6,4.19,Connaught Place Hub,46.6,Dwarka Sector 21
CASE_IND_0387,PERSON_IND_0387,Young Adult (18-35),28.51732,77.098282,2026-08-30 09:44:04,Sunday,Rainy,Dwarka Sector 21,5.82,18.09,Connaught Place Hub,48.3,Cyber City Gurgaon
CASE_IND_0388,PERSON_IND_0388,Young Adult (18-35),28.515698,77.075073,2026-08-29 21:19:50,Saturday,Windy,Cyber City Gurgaon,15.01,39.11,Cyber City Gurgaon,60.7,Cyber City Gurgaon
CASE_IND_0389,PERSON_IND_0389,Young Adult (18-35),28.558233,77.327181,2026-08-30 15:11:10,Sunday,Overcast,Hauz Khas Village,13.63,16.01,Hauz Khas Village,42.8,Noida Sector 18
CASE_IND_0390,PERSON_IND_0390,Young Adult (18-35),28.553636,77.044401,2026-08-29 11:41:11,Saturday,Foggy,Cyber City Gurgaon,5.57,39.07,Dwarka Sector 21,70.3,Dwarka Sector 21
CASE_IND_0391,PERSON_IND_0391,Young Adult (18-35),28.541821,77.032493,2026-08-31 04:55:38,Monday,Overcast,Dwarka Sector 21,11.7,22.5,Hauz Khas Village,29.1,Dwarka Sector 21
CASE_IND_0392,PERSON_IND_0392,Young Adult (18-35),28.568142,77.131062,2026-08-31 13:14:34,Monday,Clear,Aerocity Hub,7.3,4.91,Connaught Place Hub,20.8,Aerocity Hub
CASE_IND_0393,PERSON_IND_0393,Child (5-12),28.600873,77.322682,2026-08-30 07:28:54,Sunday,Clear,Noida Sector 18,9.21,10.05,Cyber City Gurgaon,50.5,Noida Sector 18
CASE_IND_0394,PERSON_IND_0394,Teen (13-17),28.630249,77.197815,2026-08-31 18:31:29,Monday,Clear,Connaught Place Hub,4.95,24.66,Cyber City Gurgaon,15.5,Connaught Place Hub
CASE_IND_0395,PERSON_IND_0395,Child (5-12),28.538475,77.091041,2026-08-31 23:02:18,Monday,Clear,Aerocity Hub,5.83,17.29,Cyber City Gurgaon,11.0,Aerocity Hub
CASE_IND_0396,PERSON_IND_0396,Young Adult (18-35),28.548217,77.205229,2026-08-30 21:04:20,Sunday,Rainy,Cyber City Gurgaon,17.11,41.9,Noida Sector 18,36.9,Hauz Khas Village
CASE_IND_0397,PERSON_IND_0397,Child (5-12),28.591351,77.327416,2026-08-31 13:47:38,Monday,Rainy,Noida Sector 18,2.61,32.02,Hauz Khas Village,20.2,Noida Sector 18
CASE_IND_0398,PERSON_IND_0398,Senior (60+),28.517215,77.115445,2026-08-30 00:04:38,Sunday,Clear,Aerocity Hub,12.29,13.41,Cyber City Gurgaon,57.9,Cyber City Gurgaon
CASE_IND_0399,PERSON_IND_0399,Adult (36-60),28.591174,77.313324,2026-08-30 14:22:34,Sunday,Windy,Hauz Khas Village,17.97,26.61,Noida Sector 18,43.6,Noida Sector 18
CASE_IND_0400,PERSON_IND_0400,Young Adult (18-35),28.562904,77.126326,2026-08-30 18:35:13,Sunday,Windy,Connaught Place Hub,1.3,24.55,Connaught Place Hub,39.4,Aerocity Hub
CASE_IND_0401,PERSON_IND_0401,Adult (36-60),28.541315,77.045647,2026-08-29 23:18:16,Saturday,Overcast,Cyber City Gurgaon,11.1,15.75,Dwarka Sector 21,58.7,Dwarka Sector 21
CASE_IND_0402,PERSON_IND_0402,Young Adult (18-35),28.618139,77.228194,2026-08-31 12:23:31,Monday,Overcast,Dwarka Sector 21,7.23,44.97,Connaught Place Hub,21.6,Connaught Place Hub
CASE_IND_0403,PERSON_IND_0403,Adult (36-60),28.533377,77.038532,2026-08-29 21:53:37,Saturday,Windy,Dwarka Sector 21,15.9,19.88,Hauz Khas Village,60.1,Dwarka Sector 21
CASE_IND_0404,PERSON_IND_0404,Adult (36-60),28.5585,77.055212,2026-08-30 22:20:10,Sunday,Rainy,Cyber City Gurgaon,10.49,9.14,Dwarka Sector 21,35.7,Dwarka Sector 21
CASE_IND_0405,PERSON_IND_0405,Child (5-12),28.545033,77.102979,2026-08-29 23:08:07,Saturday,Rainy,Connaught Place Hub,7.94,5.56,Aerocity Hub,58.9,Aerocity Hub
CASE_IND_0406,PERSON_IND_0406,Child (5-12),28.506714,77.194689,2026-08-31 11:41:40,Monday,Clear,Hauz Khas Village,14.27,16.44,Hauz Khas Village,22.3,Hauz Khas Village
CASE_IND_0407,PERSON_IND_0407,Young Adult (18-35),28.534676,77.190575,2026-08-29 21:31:08,Saturday,Foggy,Aerocity Hub,11.11,33.88,Hauz Khas Village,60.5,Hauz Khas Village
CASE_IND_0408,PERSON_IND_0408,Senior (60+),28.55755,77.099756,2026-08-29 18:34:18,Saturday,Windy,Aerocity Hub,8.91,31.5,Cyber City Gurgaon,63.4,Aerocity Hub
CASE_IND_0409,PERSON_IND_0409,Young Adult (18-35),28.576659,77.128063,2026-08-31 19:59:55,Monday,Foggy,Connaught Place Hub,8.61,26.15,Aerocity Hub,14.0,Aerocity Hub
CASE_IND_0410,PERSON_IND_0410,Teen (13-17),28.56327,77.143319,2026-08-30 11:44:28,Sunday,Clear,Dwarka Sector 21,5.34,24.08,Hauz Khas Village,46.3,Aerocity Hub
CASE_IND_0411,PERSON_IND_0411,Adult (36-60),28.553739,77.066364,2026-08-31 17:20:09,Monday,Rainy,Dwarka Sector 21,13.61,32.92,Cyber City Gurgaon,16.7,Dwarka Sector 21
CASE_IND_0412,PERSON_IND_0412,Young Adult (18-35),28.520538,77.061138,2026-08-29 22:23:22,Saturday,Overcast,Dwarka Sector 21,17.62,17.92,Connaught Place Hub,59.6,Dwarka Sector 21
CASE_IND_0413,PERSON_IND_0413,Adult (36-60),28.642751,77.20481,2026-08-29 21:51:12,Saturday,Clear,Hauz Khas Village,10.88,18.9,Aerocity Hub,60.1,Connaught Place Hub
CASE_IND_0414,PERSON_IND_0414,Senior (60+),28.569627,77.334108,2026-08-30 21:59:23,Sunday,Windy,Noida Sector 18,8.56,23.0,Connaught Place Hub,36.0,Noida Sector 18
CASE_IND_0415,PERSON_IND_0415,Adult (36-60),28.62224,77.241395,2026-08-31 04:10:56,Monday,Rainy,Noida Sector 18,3.32,25.86,Connaught Place Hub,29.8,Connaught Place Hub
CASE_IND_0416,PERSON_IND_0416,Child (5-12),28.579382,77.315909,2026-08-31 08:41:08,Monday,Foggy,Noida Sector 18,2.57,35.46,Dwarka Sector 21,25.3,Noida Sector 18
CASE_IND_0417,PERSON_IND_0417,Child (5-12),28.542188,77.123235,2026-09-01 00:11:30,Tuesday,Rainy,Cyber City Gurgaon,12.79,14.9,Aerocity Hub,9.8,Aerocity Hub
CASE_IND_0418,PERSON_IND_0418,Teen (13-17),28.573357,77.069149,2026-09-01 02:29:38,Tuesday,Overcast,Dwarka Sector 21,16.93,37.35,Noida Sector 18,7.5,Dwarka Sector 21
CASE_IND_0419,PERSON_IND_0419,Young Adult (18-35),28.560655,77.114771,2026-08-30 06:14:21,Sunday,Clear,Hauz Khas Village,1.32,36.19,Aerocity Hub,51.8,Aerocity Hub
CASE_IND_0420,PERSON_IND_0420,Child (5-12),28.612987,77.2423,2026-08-30 14:38:52,Sunday,Clear,Hauz Khas Village,3.66,20.04,Aerocity Hub,43.4,Connaught Place Hub
CASE_IND_0421,PERSON_IND_0421,Senior (60+),28.614764,77.201586,2026-08-30 20:17:03,Sunday,Clear,Hauz Khas Village,1.69,7.88,Dwarka Sector 21,37.7,Connaught Place Hub
CASE_IND_0422,PERSON_IND_0422,Adult (36-60),28.561895,77.138219,2026-08-29 12:05:59,Saturday,Rainy,Cyber City Gurgaon,13.16,10.65,Aerocity Hub,69.9,Aerocity Hub
CASE_IND_0423,PERSON_IND_0423,Young Adult (18-35),28.571882,77.054968,2026-09-01 02:43:45,Tuesday,Clear,Dwarka Sector 21,17.33,43.07,Hauz Khas Village,7.3,Dwarka Sector 21
CASE_IND_0424,PERSON_IND_0424,Adult (36-60),28.569227,77.345265,2026-08-31 04:09:56,Monday,Windy,Hauz Khas Village,12.38,24.03,Noida Sector 18,29.8,Noida Sector 18
CASE_IND_0425,PERSON_IND_0425,Adult (36-60),28.562172,77.083932,2026-08-30 03:27:35,Sunday,Foggy,Dwarka Sector 21,8.99,39.43,Cyber City Gurgaon,54.5,Dwarka Sector 21
CASE_IND_0426,PERSON_IND_0426,Young Adult (18-35),28.540465,77.18212,2026-08-31 11:05:12,Monday,Overcast,Hauz Khas Village,13.92,17.42,Dwarka Sector 21,22.9,Hauz Khas Village
CASE_IND_0427,PERSON_IND_0427,Adult (36-60),28.534948,77.05269,2026-08-31 02:34:03,Monday,Overcast,Hauz Khas Village,5.42,31.6,Aerocity Hub,31.4,Dwarka Sector 21
CASE_IND_0428,PERSON_IND_0428,Child (5-12),28.583988,77.110169,2026-09-01 00:57:52,Tuesday,Rainy,Noida Sector 18,15.45,15.99,Connaught Place Hub,9.0,Aerocity Hub
CASE_IND_0429,PERSON_IND_0429,Child (5-12),28.603634,77.2009,2026-08-31 05:37:20,Monday,Windy,Connaught Place Hub,14.49,18.05,Hauz Khas Village,28.4,Connaught Place Hub
CASE_IND_0430,PERSON_IND_0430,Young Adult (18-35),28.579695,77.334475,2026-09-01 02:34:50,Tuesday,Clear,Hauz Khas Village,17.1,15.93,Hauz Khas Village,7.4,Noida Sector 18
CASE_IND_0431,PERSON_IND_0431,Teen (13-17),28.62212,77.221853,2026-09-01 03:09:16,Tuesday,Overcast,Dwarka Sector 21,6.71,38.89,Hauz Khas Village,6.8,Connaught Place Hub
CASE_IND_0432,PERSON_IND_0432,Young Adult (18-35),28.544114,77.080023,2026-08-31 22:36:08,Monday,Rainy,Cyber City Gurgaon,3.33,12.15,Cyber City Gurgaon,11.4,Cyber City Gurgaon
CASE_IND_0433,PERSON_IND_0433,Senior (60+),28.636475,77.216333,2026-08-30 21:03:10,Sunday,Overcast,Noida Sector 18,9.96,32.44,Connaught Place Hub,36.9,Connaught Place Hub
CASE_IND_0434,PERSON_IND_0434,Child (5-12),28.481627,77.07558,2026-08-31 03:08:20,Monday,Rainy,Hauz Khas Village,2.62,42.78,Connaught Place Hub,30.9,Cyber City Gurgaon
CASE_IND_0435,PERSON_IND_0435,Young Adult (18-35),28.555172,77.170066,2026-08-31 22:53:23,Monday,Clear,Noida Sector 18,6.26,36.59,Dwarka Sector 21,11.1,Hauz Khas Village
CASE_IND_0436,PERSON_IND_0436,Adult (36-60),28.631116,77.198455,2026-09-01 08:20:35,Tuesday,Clear,Connaught Place Hub,6.68,4.42,Connaught Place Hub,1.7,Connaught Place Hub
CASE_IND_0437,PERSON_IND_0437,Adult (36-60),28.579182,77.201173,2026-09-01 05:54:10,Tuesday,Clear,Hauz Khas Village,6.39,19.69,Connaught Place Hub,4.1,Hauz Khas Village
CASE_IND_0438,PERSON_IND_0438,Adult (36-60),28.56296,77.192955,2026-08-31 03:00:12,Monday,Clear,Cyber City Gurgaon,7.88,34.03,Hauz Khas Village,31.0,Hauz Khas Village
CASE_IND_0439,PERSON_IND_0439,Young Adult (18-35),28.547295,77.194616,2026-08-29 15:11:49,Saturday,Clear,Connaught Place Hub,4.94,37.95,Hauz Khas Village,66.8,Hauz Khas Village
CASE_IND_0440,PERSON_IND_0440,Young Adult (18-35),28.588158,77.323596,2026-08-29 21:24:56,Saturday,Windy,Aerocity Hub,17.99,6.05,Noida Sector 18,60.6,Noida Sector 18
CASE_IND_0441,PERSON_IND_0441,Senior (60+),28.549482,77.218031,2026-08-30 06:49:58,Sunday,Rainy,Aerocity Hub,7.0,41.2,Hauz Khas Village,51.2,Hauz Khas Village
CASE_IND_0442,PERSON_IND_0442,Senior (60+),28.559842,77.133248,2026-09-01 04:46:48,Tuesday,Windy,Aerocity Hub,8.08,26.76,Cyber City Gurgaon,5.2,Aerocity Hub
CASE_IND_0443,PERSON_IND_0443,Adult (36-60),28.561816,77.188648,2026-08-29 15:31:22,Saturday,Clear,Hauz Khas Village,7.61,27.54,Dwarka Sector 21,66.5,Hauz Khas Village
CASE_IND_0444,PERSON_IND_0444,Young Adult (18-35),28.526364,77.204034,2026-08-30 05:53:00,Sunday,Rainy,Hauz Khas Village,7.72,4.26,Cyber City Gurgaon,52.1,Hauz Khas Village
CASE_IND_0445,PERSON_IND_0445,Young Adult (18-35),28.562967,77.184658,2026-09-01 00:19:07,Tuesday,Foggy,Hauz Khas Village,9.58,10.6,Hauz Khas Village,9.7,Hauz Khas Village
CASE_IND_0446,PERSON_IND_0446,Young Adult (18-35),28.650945,77.240998,2026-09-01 06:00:26,Tuesday,Clear,Connaught Place Hub,18.04,8.03,Aerocity Hub,4.0,Connaught Place Hub
CASE_IND_0447,PERSON_IND_0447,Teen (13-17),28.480616,77.074891,2026-09-01 02:35:36,Tuesday,Windy,Cyber City Gurgaon,4.87,17.48,Cyber City Gurgaon,7.4,Cyber City Gurgaon
CASE_IND_0448,PERSON_IND_0448,Senior (60+),28.618019,77.210745,2026-08-30 09:48:12,Sunday,Rainy,Connaught Place Hub,7.05,28.05,Hauz Khas Village,48.2,Connaught Place Hub
CASE_IND_0449,PERSON_IND_0449,Young Adult (18-35),28.64868,77.206056,2026-08-30 06:48:55,Sunday,Foggy,Connaught Place Hub,2.39,11.79,Cyber City Gurgaon,51.2,Connaught Place Hub
CASE_IND_0450,PERSON_IND_0450,Adult (36-60),28.550059,77.062415,2026-08-31 08:09:29,Monday,Windy,Dwarka Sector 21,10.15,7.71,Dwarka Sector 21,25.8,Dwarka Sector 21
CASE_IND_0451,PERSON_IND_0451,Young Adult (18-35),28.654315,77.210716,2026-09-01 04:10:17,Tuesday,Clear,Connaught Place Hub,4.65,14.29,Connaught Place Hub,5.8,Connaught Place Hub
CASE_IND_0452,PERSON_IND_0452,Adult (36-60),28.533157,77.219387,2026-08-31 23:06:23,Monday,Clear,Hauz Khas Village,7.05,44.25,Connaught Place Hub,10.9,Hauz Khas Village
CASE_IND_0453,PERSON_IND_0453,Young Adult (18-35),28.495411,77.097995,2026-08-30 09:06:14,Sunday,Clear,Connaught Place Hub,4.52,38.98,Cyber City Gurgaon,48.9,Cyber City Gurgaon
CASE_IND_0454,PERSON_IND_0454,Child (5-12),28.487479,77.070194,2026-08-29 15:21:43,Saturday,Foggy,Noida Sector 18,2.54,10.46,Aerocity Hub,66.6,Cyber City Gurgaon
CASE_IND_0455,PERSON_IND_0455,Adult (36-60),28.537792,77.120471,2026-08-31 03:06:11,Monday,Overcast,Cyber City Gurgaon,11.98,15.39,Aerocity Hub,30.9,Aerocity Hub
CASE_IND_0456,PERSON_IND_0456,Adult (36-60),28.512985,77.099395,2026-09-01 09:21:57,Tuesday,Overcast,Noida Sector 18,14.44,21.01,Cyber City Gurgaon,0.6,Cyber City Gurgaon
CASE_IND_0457,PERSON_IND_0457,Young Adult (18-35),28.620379,77.214901,2026-08-30 14:05:30,Sunday,Windy,Cyber City Gurgaon,16.58,37.13,Dwarka Sector 21,43.9,Connaught Place Hub
CASE_IND_0458,PERSON_IND_0458,Teen (13-17),28.629738,77.23572,2026-08-31 19:24:45,Monday,Rainy,Connaught Place Hub,7.97,32.52,Dwarka Sector 21,14.6,Connaught Place Hub
CASE_IND_0459,PERSON_IND_0459,Senior (60+),28.577764,77.318042,2026-09-01 08:07:12,Tuesday,Rainy,Aerocity Hub,5.44,40.96,Dwarka Sector 21,1.9,Noida Sector 18
CASE_IND_0460,PERSON_IND_0460,Young Adult (18-35),28.633959,77.242665,2026-08-30 11:04:10,Sunday,Rainy,Aerocity Hub,4.38,14.48,Cyber City Gurgaon,46.9,Connaught Place Hub
CASE_IND_0461,PERSON_IND_0461,Adult (36-60),28.557245,77.058476,2026-08-29 18:56:06,Saturday,Windy,Dwarka Sector 21,8.12,10.35,Cyber City Gurgaon,63.1,Dwarka Sector 21
CASE_IND_0462,PERSON_IND_0462,Adult (36-60),28.568754,77.125164,2026-08-31 07:52:23,Monday,Clear,Aerocity Hub,5.63,20.03,Cyber City Gurgaon,26.1,Aerocity Hub
CASE_IND_0463,PERSON_IND_0463,Adult (36-60),28.566418,77.109419,2026-08-29 17:19:56,Saturday,Clear,Aerocity Hub,7.36,13.13,Connaught Place Hub,64.7,Aerocity Hub
CASE_IND_0464,PERSON_IND_0464,Young Adult (18-35),28.637193,77.222986,2026-08-31 14:09:19,Monday,Windy,Connaught Place Hub,10.24,25.63,Connaught Place Hub,19.8,Connaught Place Hub
CASE_IND_0465,PERSON_IND_0465,Adult (36-60),28.564909,77.10544,2026-08-31 13:48:05,Monday,Clear,Aerocity Hub,4.04,20.37,Aerocity Hub,20.2,Aerocity Hub
CASE_IND_0466,PERSON_IND_0466,Adult (36-60),28.533853,77.121204,2026-08-29 11:29:57,Saturday,Overcast,Dwarka Sector 21,6.24,8.35,Aerocity Hub,70.5,Aerocity Hub
CASE_IND_0467,PERSON_IND_0467,Young Adult (18-35),28.549959,77.066826,2026-08-30 21:20:58,Sunday,Rainy,Dwarka Sector 21,7.98,15.62,Connaught Place Hub,36.7,Dwarka Sector 21
CASE_IND_0468,PERSON_IND_0468,Young Adult (18-35),28.588351,77.110534,2026-08-30 20:18:33,Sunday,Windy,Aerocity Hub,1.68,34.56,Cyber City Gurgaon,37.7,Aerocity Hub
CASE_IND_0469,PERSON_IND_0469,Adult (36-60),28.626013,77.237452,2026-08-29 23:52:04,Saturday,Windy,Connaught Place Hub,17.2,25.38,Hauz Khas Village,58.1,Connaught Place Hub
CASE_IND_0470,PERSON_IND_0470,Young Adult (18-35),28.65534,77.214985,2026-08-31 03:09:10,Monday,Windy,Connaught Place Hub,5.3,28.16,Noida Sector 18,30.8,Connaught Place Hub
CASE_IND_0471,PERSON_IND_0471,Adult (36-60),28.545351,77.1376,2026-08-29 21:02:07,Saturday,Clear,Cyber City Gurgaon,10.24,14.35,Aerocity Hub,61.0,Aerocity Hub
CASE_IND_0472,PERSON_IND_0472,Adult (36-60),28.649953,77.241269,2026-08-31 08:17:51,Monday,Clear,Connaught Place Hub,5.3,17.76,Noida Sector 18,25.7,Connaught Place Hub
CASE_IND_0473,PERSON_IND_0473,Senior (60+),28.63535,77.206467,2026-08-30 06:36:35,Sunday,Foggy,Connaught Place Hub,10.34,41.8,Connaught Place Hub,51.4,Connaught Place Hub
CASE_IND_0474,PERSON_IND_0474,Adult (36-60),28.616758,77.222947,2026-09-01 03:41:33,Tuesday,Foggy,Cyber City Gurgaon,11.37,3.81,Noida Sector 18,6.3,Connaught Place Hub
CASE_IND_0475,PERSON_IND_0475,Adult (36-60),28.498876,77.104024,2026-09-01 02:54:04,Tuesday,Windy,Cyber City Gurgaon,4.84,10.41,Cyber City Gurgaon,7.1,Cyber City Gurgaon
CASE_IND_0476,PERSON_IND_0476,Teen (13-17),28.466018,77.078804,2026-08-30 21:20:05,Sunday,Windy,Cyber City Gurgaon,16.06,5.38,Dwarka Sector 21,36.7,Cyber City Gurgaon
CASE_IND_0477,PERSON_IND_0477,Young Adult (18-35),28.50116,77.09271,2026-09-01 01:18:47,Tuesday,Windy,Dwarka Sector 21,6.74,29.33,Cyber City Gurgaon,8.7,Cyber City Gurgaon
CASE_IND_0478,PERSON_IND_0478,Adult (36-60),28.507586,77.097334,2026-08-31 09:40:22,Monday,Windy,Noida Sector 18,8.21,4.67,Cyber City Gurgaon,24.3,Cyber City Gurgaon
CASE_IND_0479,PERSON_IND_0479,Child (5-12),28.560915,77.200245,2026-08-31 06:48:57,Monday,Overcast,Hauz Khas Village,16.28,30.53,Connaught Place Hub,27.2,Hauz Khas Village
CASE_IND_0480,PERSON_IND_0480,Senior (60+),28.585854,77.327257,2026-08-31 07:03:18,Monday,Overcast,Noida Sector 18,4.24,33.32,Dwarka Sector 21,26.9,Noida Sector 18
CASE_IND_0481,PERSON_IND_0481,Young Adult (18-35),28.532671,77.150439,2026-08-30 10:25:12,Sunday,Foggy,Aerocity Hub,6.03,5.25,Hauz Khas Village,47.6,Aerocity Hub
CASE_IND_0482,PERSON_IND_0482,Child (5-12),28.530832,77.218552,2026-08-29 15:26:32,Saturday,Windy,Hauz Khas Village,6.42,6.7,Noida Sector 18,66.6,Hauz Khas Village
CASE_IND_0483,PERSON_IND_0483,Adult (36-60),28.542732,77.195316,2026-08-29 16:48:48,Saturday,Rainy,Cyber City Gurgaon,9.22,23.38,Dwarka Sector 21,65.2,Hauz Khas Village
CASE_IND_0484,PERSON_IND_0484,Child (5-12),28.580297,77.32634,2026-08-30 08:46:44,Sunday,Foggy,Cyber City Gurgaon,4.13,37.25,Dwarka Sector 21,49.2,Noida Sector 18
CASE_IND_0485,PERSON_IND_0485,Senior (60+),28.553386,77.053731,2026-08-30 02:36:11,Sunday,Overcast,Dwarka Sector 21,12.75,28.18,Cyber City Gurgaon,55.4,Dwarka Sector 21
CASE_IND_0486,PERSON_IND_0486,Child (5-12),28.52232,77.045266,2026-08-29 10:12:34,Saturday,Overcast,Noida Sector 18,4.87,35.54,Aerocity Hub,71.8,Dwarka Sector 21
CASE_IND_0487,PERSON_IND_0487,Adult (36-60),28.612846,77.223258,2026-08-31 04:38:08,Monday,Rainy,Connaught Place Hub,14.67,5.81,Hauz Khas Village,29.4,Connaught Place Hub
CASE_IND_0488,PERSON_IND_0488,Adult (36-60),28.567385,77.070652,2026-08-31 13:08:49,Monday,Overcast,Dwarka Sector 21,16.81,35.06,Dwarka Sector 21,20.9,Dwarka Sector 21
CASE_IND_0489,PERSON_IND_0489,Child (5-12),28.492058,77.083824,2026-08-29 22:19:14,Saturday,Rainy,Cyber City Gurgaon,11.54,7.42,Cyber City Gurgaon,59.7,Cyber City Gurgaon
CASE_IND_0490,PERSON_IND_0490,Adult (36-60),28.47967,77.076051,2026-08-31 18:31:58,Monday,Clear,Cyber City Gurgaon,5.75,29.6,Connaught Place Hub,15.5,Cyber City Gurgaon
CASE_IND_0491,PERSON_IND_0491,Adult (36-60),28.639586,77.230232,2026-08-31 17:41:55,Monday,Overcast,Aerocity Hub,9.18,10.66,Cyber City Gurgaon,16.3,Connaught Place Hub
CASE_IND_0492,PERSON_IND_0492,Young Adult (18-35),28.637682,77.225896,2026-08-31 20:15:04,Monday,Overcast,Connaught Place Hub,10.84,10.33,Hauz Khas Village,13.7,Connaught Place Hub
CASE_IND_0493,PERSON_IND_0493,Young Adult (18-35),28.548902,77.091787,2026-08-29 10:57:30,Saturday,Clear,Aerocity Hub,11.79,21.22,Dwarka Sector 21,71.0,Aerocity Hub
CASE_IND_0494,PERSON_IND_0494,Young Adult (18-35),28.547303,77.322725,2026-09-01 08:48:34,Tuesday,Foggy,Noida Sector 18,12.06,43.84,Noida Sector 18,1.2,Noida Sector 18
CASE_IND_0495,PERSON_IND_0495,Teen (13-17),28.597427,77.313931,2026-08-29 15:38:53,Saturday,Overcast,Connaught Place Hub,14.99,33.84,Connaught Place Hub,66.4,Noida Sector 18
CASE_IND_0496,PERSON_IND_0496,Adult (36-60),28.549208,77.039944,2026-08-31 14:59:24,Monday,Windy,Dwarka Sector 21,5.43,42.12,Connaught Place Hub,19.0,Dwarka Sector 21
CASE_IND_0497,PERSON_IND_0497,Child (5-12),28.580493,77.342314,2026-08-29 14:23:04,Saturday,Foggy,Noida Sector 18,8.01,13.77,Noida Sector 18,67.6,Noida Sector 18
CASE_IND_0498,PERSON_IND_0498,Young Adult (18-35),28.553918,77.071418,2026-08-29 16:42:48,Saturday,Clear,Connaught Place Hub,9.62,29.54,Dwarka Sector 21,65.3,Dwarka Sector 21
CASE_IND_0499,PERSON_IND_0499,Young Adult (18-35),28.495919,77.092596,2026-08-31 19:05:09,Monday,Windy,Hauz Khas Village,2.87,7.69,Aerocity Hub,14.9,Cyber City Gurgaon
CASE_IND_0500,PERSON_IND_0500,Child (5-12),28.538706,77.181616,2026-08-29 10:31:31,Saturday,Clear,Hauz Khas Village,1.52,32.24,Noida Sector 18,71.5,Hauz Khas Village
TEST_SYS_04,PERSON_SYS_04,Adult (36-60),28.6315,77.2167,2026-09-16 14:00:00,Wednesday,Clear,Connaught Place Hub,7.5,14.2,Cyber City Gurgaon,8.0,
TEST_SYS_04,PERSON_SYS_04,Adult (36-60),28.6315,77.2167,2026-09-16 14:00:00,Wednesday,Clear,Connaught Place Hub,7.5,14.2,Cyber City Gurgaon,8.0,
TEST_SYS_04,PERSON_SYS_04,Adult (36-60),28.6315,77.2167,2026-09-16 14:00:00,Wednesday,Clear,Connaught Place Hub,7.5,14.2,Cyber City Gurgaon,8.0,
TEST_SYS_04,PERSON_SYS_04,Adult (36-60),28.6315,77.2167,2026-09-16 14:00:00,Wednesday,Clear,Connaught Place Hub,7.5,14.2,Cyber City Gurgaon,8.0,
TEST_SYS_04,PERSON_SYS_04,Adult (36-60),28.6315,77.2167,2026-09-16 14:00:00,Wednesday,Clear,Connaught Place Hub,7.5,14.2,Cyber City Gurgaon,8.0,
TEST_SYS_04,PERSON_SYS_04,Adult (36-60),28.6315,77.2167,2026-09-16 14:00:00,Wednesday,Clear,Connaught Place Hub,7.5,14.2,Cyber City Gurgaon,8.0,
TEST_SYS_04,PERSON_SYS_04,Adult (36-60),28.6315,77.2167,2026-09-16 14:00:00,Wednesday,Clear,Connaught Place Hub,7.5,14.2,Cyber City Gurgaon,8.0,
TEST_SYS_04,PERSON_SYS_04,Adult (36-60),28.6315,77.2167,2026-09-16 14:00:00,Wednesday,Clear,Connaught Place Hub,7.5,14.2,Cyber City Gurgaon,8.0,
TEST_SYS_04,PERSON_SYS_04,Adult (36-60),28.6315,77.2167,2026-09-16 14:00:00,Wednesday,Clear,Connaught Place Hub,7.5,14.2,Cyber City Gurgaon,8.0,
